time,type_id,PCI,RSRP(dBm),RSRQ(dB),Serving Cell Index,EARFCN,Number of Neighbor Cells,Number of Detected Cells,PCI1,RSRP1,RSRQ1,PCI2,RSRP2,RSRQ2,PCI3,RSRP3,RSRQ3,PCI4,RSRP4,RSRQ4
2023-04-25 14:03:50.350028,LTE_PHY_Connected_Mode_Intra_Freq_Meas,155,-92.25,-9.875,2_SCell,525,0,0
2023-04-25 14:03:50.350032,LTE_PHY_Connected_Mode_Intra_Freq_Meas,155,-96.5,-9.0,(MI)Unknown,3400,0,0
2023-04-25 14:03:50.390002,LTE_PHY_Connected_Mode_Intra_Freq_Meas,155,-92.25,-9.875,2_SCell,525,0,0
2023-04-25 14:03:50.390005,LTE_PHY_Connected_Mode_Intra_Freq_Meas,155,-96.5,-9.0,(MI)Unknown,3400,0,0
2023-04-25 14:03:50.398898,LTE_PHY_Connected_Mode_Intra_Freq_Meas,155,-98.0,-8.4375,PCell,1750,4,0,111,-114.0,-19.875,147,-112.6875,-19.125,103,-116.125,-23.4375,375,-115.3125,-18.4375
2023-04-25 14:03:50.398957,LTE_PHY_Connected_Mode_Intra_Freq_Meas,155,-99.0625,-10.5,1_SCell,3050,1,0,147,-115.6875,-23.4375
2023-04-25 14:03:50.430011,LTE_PHY_Connected_Mode_Intra_Freq_Meas,155,-89.3125,-8.375,2_SCell,525,0,0
2023-04-25 14:03:50.430014,LTE_PHY_Connected_Mode_Intra_Freq_Meas,155,-90.8125,-7.75,(MI)Unknown,3400,0,0
2023-04-25 14:03:50.445611,LTE_PHY_Connected_Mode_Intra_Freq_Meas,155,-89.25,-8.3125,2_SCell,525,0,0
2023-04-25 14:03:50.445617,LTE_PHY_Connected_Mode_Intra_Freq_Meas,155,-90.6875,-7.6875,(MI)Unknown,3400,0,0
2023-04-25 14:03:50.450153,LTE_PHY_Connected_Mode_Intra_Freq_Meas,155,-89.125,-8.1875,2_SCell,525,0,0
2023-04-25 14:03:50.450156,LTE_PHY_Connected_Mode_Intra_Freq_Meas,155,-90.5,-7.5625,(MI)Unknown,3400,0,0
2023-04-25 14:03:50.645617,LTE_PHY_Connected_Mode_Intra_Freq_Meas,155,-89.125,-8.1875,2_SCell,525,0,0
2023-04-25 14:03:50.645622,LTE_PHY_Connected_Mode_Intra_Freq_Meas,155,-90.5,-7.5625,(MI)Unknown,3400,0,0
2023-04-25 14:03:50.645762,LTE_PHY_Connected_Mode_Intra_Freq_Meas,155,-89.125,-8.1875,2_SCell,525,0,0
2023-04-25 14:03:50.645765,LTE_PHY_Connected_Mode_Intra_Freq_Meas,155,-90.5,-7.5625,(MI)Unknown,3400,0,0
2023-04-25 14:03:50.670015,LTE_PHY_Connected_Mode_Intra_Freq_Meas,155,-90.5,-7.5625,(MI)Unknown,3400,0,0
2023-04-25 14:03:50.678977,LTE_PHY_Connected_Mode_Intra_Freq_Meas,155,-97.6875,-8.4375,PCell,1750,4,0,147,-113.75,-20.125,111,-113.625,-20.6875,375,-113.9375,-19.5,103,-114.0,-22.9375
2023-04-25 14:03:50.679016,LTE_PHY_Connected_Mode_Intra_Freq_Meas,155,-98.375,-10.25,1_SCell,3050,1,0,147,-111.3125,-22.5625
2023-04-25 14:03:50.681762,LTE_PHY_Connected_Mode_Intra_Freq_Meas,155,-92.9375,-8.8125,2_SCell,525,0,0
2023-04-25 14:03:50.710007,LTE_PHY_Connected_Mode_Intra_Freq_Meas,155,-90.375,-6.5625,(MI)Unknown,3400,0,0
2023-04-25 14:03:50.764207,LTE_PHY_Connected_Mode_Intra_Freq_Meas,155,-90.5625,-6.5,(MI)Unknown,3400,0,0
2023-04-25 14:03:50.772819,LTE_PHY_Connected_Mode_Intra_Freq_Meas,155,-97.1875,-9.125,1_SCell,3050,1,0,147,-115.75,-22.875
2023-04-25 14:03:50.772901,LTE_PHY_Connected_Mode_Intra_Freq_Meas,155,-90.875,-6.5,(MI)Unknown,3400,0,0
2023-04-25 14:03:50.965786,LTE_PHY_Connected_Mode_Intra_Freq_Meas,155,-90.875,-6.5,(MI)Unknown,3400,0,0
2023-04-25 14:03:50.965900,LTE_PHY_Connected_Mode_Intra_Freq_Meas,155,-90.875,-6.5,(MI)Unknown,3400,0,0
2023-04-25 14:03:51.285782,LTE_PHY_Connected_Mode_Intra_Freq_Meas,155,-90.875,-6.5,(MI)Unknown,3400,0,0
2023-04-25 14:03:51.286263,LTE_PHY_Connected_Mode_Intra_Freq_Meas,155,-90.875,-6.5,(MI)Unknown,3400,0,0
2023-04-25 14:03:51.318961,LTE_PHY_Connected_Mode_Intra_Freq_Meas,155,-95.875,-7.5625,PCell,1750,4,0,111,-114.6875,-21.0,147,-113.9375,-20.125,375,-116.375,-21.1875,103,-114.8125,-21.875
2023-04-25 14:03:51.319002,LTE_PHY_Connected_Mode_Intra_Freq_Meas,155,-95.75,-8.625,1_SCell,3050,1,0,147,-118.125,-22.0625
2023-04-25 14:03:51.321751,LTE_PHY_Connected_Mode_Intra_Freq_Meas,155,-98.125,-8.375,2_SCell,525,0,0
2023-04-25 14:03:51.361761,LTE_PHY_Connected_Mode_Intra_Freq_Meas,155,-92.1875,-8.8125,(MI)Unknown,3400,0,0
2023-04-25 14:03:51.960708,LTE_PHY_Connected_Mode_Intra_Freq_Meas,155,-96.875,-7.0625,PCell,1750,4,0,147,-122.375,-21.8125,111,-123.375,-19.75,103,-125.375,-22.4375,375,-122.375,-22.125
2023-04-25 14:03:51.962817,LTE_PHY_Connected_Mode_Intra_Freq_Meas,155,-102.6875,-10.0,1_SCell,3050,1,0,147,-114.9375,-22.5
2023-04-25 14:03:52.000694,LTE_PHY_Connected_Mode_Intra_Freq_Meas,155,-98.375,-10.0625,2_SCell,525,0,0
2023-04-25 14:03:52.040701,LTE_PHY_Connected_Mode_Intra_Freq_Meas,155,-92.375,-10.0,(MI)Unknown,3400,0,0
2023-04-25 14:03:52.897825,LTE_PHY_Connected_Mode_Intra_Freq_Meas,155,-106.0,-9.25,1_SCell,3050,1,0,147,-118.875,-21.8125
2023-04-25 14:03:53.214655,LTE_PHY_Connected_Mode_Intra_Freq_Meas,155,-102.6875,-8.8125,PCell,1750,4,0,147,-117.875,-20.8125,375,-114.875,-18.375,111,-115.8125,-18.6875,103,-117.8125,-20.75
2023-04-25 14:03:53.217812,LTE_PHY_Connected_Mode_Intra_Freq_Meas,155,-94.125,-9.125,2_SCell,525,0,0
2023-04-25 14:03:53.217863,LTE_PHY_Connected_Mode_Intra_Freq_Meas,155,-100.4375,-9.6875,1_SCell,3050,1,0,147,-113.8125,-22.3125
2023-04-25 14:03:53.229631,LTE_PHY_Connected_Mode_Intra_Freq_Meas,155,-106.375,-8.75,(MI)Unknown,3400,0,0
2023-04-25 14:03:53.558947,LTE_PHY_Connected_Mode_Intra_Freq_Meas,155,-102.8125,-9.0,PCell,1750,4,0,375,-120.1875,-20.3125,111,-120.5,-20.25,103,-117.9375,-20.375,147,-119.3125,-20.6875
2023-04-25 14:03:53.561790,LTE_PHY_Connected_Mode_Intra_Freq_Meas,155,-99.875,-8.5625,1_SCell,3050,1,0,147,-121.9375,-23.1875
2023-04-25 14:03:53.601801,LTE_PHY_Connected_Mode_Intra_Freq_Meas,155,-94.0,-8.5,2_SCell,525,0,0
2023-04-25 14:03:53.695709,LTE_PHY_Connected_Mode_Intra_Freq_Meas,155,-104.5,-9.0,(MI)Unknown,3400,0,0
2023-04-25 14:03:54.497830,LTE_PHY_Connected_Mode_Intra_Freq_Meas,155,-98.4375,-8.125,1_SCell,3050,1,0,147,-113.8125,-23.25
2023-04-25 14:03:54.814664,LTE_PHY_Connected_Mode_Intra_Freq_Meas,155,-96.375,-8.6875,PCell,1750,3,0,103,-112.0625,-19.5625,375,-112.375,-21.375,111,-112.9375,-21.6875
2023-04-25 14:03:54.817835,LTE_PHY_Connected_Mode_Intra_Freq_Meas,155,-95.0,-8.6875,2_SCell,525,0,0
2023-04-25 14:03:54.817912,LTE_PHY_Connected_Mode_Intra_Freq_Meas,155,-98.3125,-8.5625,1_SCell,3050,1,0,147,-110.9375,-22.9375
2023-04-25 14:03:54.829639,LTE_PHY_Connected_Mode_Intra_Freq_Meas,155,-108.6875,-7.5,(MI)Unknown,3400,0,0
2023-04-25 14:03:55.777839,LTE_PHY_Connected_Mode_Intra_Freq_Meas,155,-98.875,-8.3125,1_SCell,3050,1,0,147,-111.125,-21.1875
2023-04-25 14:03:55.789638,LTE_PHY_Connected_Mode_Intra_Freq_Meas,155,-94.875,-10.125,2_SCell,525,0,0
2023-04-25 14:03:55.801788,LTE_PHY_Connected_Mode_Intra_Freq_Meas,155,-105.8125,-9.1875,(MI)Unknown,3400,0,0
2023-04-25 14:03:56.094652,LTE_PHY_Connected_Mode_Intra_Freq_Meas,155,-96.4375,-9.4375,PCell,1750,3,0,103,-107.75,-19.5,375,-107.0625,-19.25,111,-107.125,-19.375
2023-04-25 14:03:56.097835,LTE_PHY_Connected_Mode_Intra_Freq_Meas,155,-98.5625,-9.0625,1_SCell,3050,1,0,147,-108.6875,-21.0
2023-04-25 14:03:56.417835,LTE_PHY_Connected_Mode_Intra_Freq_Meas,155,-95.1875,-9.1875,2_SCell,525,0,0
2023-04-25 14:03:56.737820,LTE_PHY_Connected_Mode_Intra_Freq_Meas,155,-97.5625,-9.5,(MI)Unknown,3400,0,0
2023-04-25 14:03:57.057826,LTE_PHY_Connected_Mode_Intra_Freq_Meas,155,-100.125,-8.625,1_SCell,3050,1,0,147,-115.1875,-22.8125
2023-04-25 14:03:57.374650,LTE_PHY_Connected_Mode_Intra_Freq_Meas,155,-96.75,-8.875,PCell,1750,2,0,375,-112.0,-23.375,111,-111.375,-22.8125
2023-04-25 14:03:57.377817,LTE_PHY_Connected_Mode_Intra_Freq_Meas,155,-101.4375,-8.4375,2_SCell,525,0,0
2023-04-25 14:03:57.377869,LTE_PHY_Connected_Mode_Intra_Freq_Meas,155,-102.125,-8.6875,1_SCell,3050,1,0,147,-114.125,-22.125
2023-04-25 14:03:57.398891,LTE_PHY_Connected_Mode_Intra_Freq_Meas,155,-96.6875,-8.8125,PCell,1750,2,0,111,-111.75,-22.8125,375,-112.5,-23.375
2023-04-25 14:03:57.401757,LTE_PHY_Connected_Mode_Intra_Freq_Meas,155,-98.3125,-8.875,(MI)Unknown,3400,0,0
2023-04-25 14:03:58.337826,LTE_PHY_Connected_Mode_Intra_Freq_Meas,155,-99.3125,-9.6875,1_SCell,3050,1,0,147,-111.75,-22.375
2023-04-25 14:03:58.349636,LTE_PHY_Connected_Mode_Intra_Freq_Meas,155,-102.25,-7.125,2_SCell,525,0,0
2023-04-25 14:03:58.361763,LTE_PHY_Connected_Mode_Intra_Freq_Meas,155,-99.6875,-8.25,(MI)Unknown,3400,0,0
2023-04-25 14:03:58.654655,LTE_PHY_Connected_Mode_Intra_Freq_Meas,155,-97.9375,-10.125,PCell,1750,2,0,111,-108.9375,-21.3125,375,-107.25,-20.0
2023-04-25 14:03:58.657835,LTE_PHY_Connected_Mode_Intra_Freq_Meas,155,-96.6875,-9.3125,1_SCell,3050,1,0,147,-112.875,-23.1875
2023-04-25 14:03:58.977830,LTE_PHY_Connected_Mode_Intra_Freq_Meas,155,-93.5,-8.875,1_SCell,3050,2,0,111,-104.625,-19.5,147,-112.4375,-23.875
2023-04-25 14:03:58.989632,LTE_PHY_Connected_Mode_Intra_Freq_Meas,155,-96.5625,-6.8125,2_SCell,525,0,0
2023-04-25 14:03:59.297823,LTE_PHY_Connected_Mode_Intra_Freq_Meas,155,-92.4375,-8.625,(MI)Unknown,3400,0,0
2023-04-25 14:03:59.934657,LTE_PHY_Connected_Mode_Intra_Freq_Meas,155,-99.875,-10.625,PCell,1750,2,0,375,-111.6875,-20.8125,111,-113.0,-21.125
2023-04-25 14:03:59.937841,LTE_PHY_Connected_Mode_Intra_Freq_Meas,155,-94.8125,-9.3125,1_SCell,3050,2,0,111,-106.9375,-20.6875,147,-107.9375,-21.375
2023-04-25 14:03:59.949639,LTE_PHY_Connected_Mode_Intra_Freq_Meas,155,-99.9375,-9.8125,2_SCell,525,0,0
2023-04-25 14:03:59.961786,LTE_PHY_Connected_Mode_Intra_Freq_Meas,155,-92.625,-7.625,(MI)Unknown,3400,0,0
2023-04-25 14:04:00.897849,LTE_PHY_Connected_Mode_Intra_Freq_Meas,155,-95.625,-10.125,1_SCell,3050,2,0,111,-107.25,-21.6875,147,-106.75,-20.625
2023-04-25 14:04:00.909640,LTE_PHY_Connected_Mode_Intra_Freq_Meas,155,-98.125,-10.5625,2_SCell,525,0,0
2023-04-25 14:04:00.921759,LTE_PHY_Connected_Mode_Intra_Freq_Meas,155,-99.6875,-9.8125,(MI)Unknown,3400,0,0
2023-04-25 14:04:01.214658,LTE_PHY_Connected_Mode_Intra_Freq_Meas,155,-96.6875,-9.5,PCell,1750,2,0,375,-116.625,-24.6875,111,-112.0,-21.0625
2023-04-25 14:04:01.217846,LTE_PHY_Connected_Mode_Intra_Freq_Meas,155,-95.25,-9.5,1_SCell,3050,2,0,147,-112.125,-22.125,111,-112.25,-22.25
2023-04-25 14:04:01.217924,LTE_PHY_Connected_Mode_Intra_Freq_Meas,155,-97.875,-10.1875,2_SCell,525,0,0
2023-04-25 14:04:01.238924,LTE_PHY_Connected_Mode_Intra_Freq_Meas,155,-96.6875,-9.5,PCell,1750,2,0,111,-111.875,-21.0625,375,-116.6875,-24.75
2023-04-25 14:04:01.241760,LTE_PHY_Connected_Mode_Intra_Freq_Meas,155,-95.25,-9.4375,1_SCell,3050,3,0,345,-117.1875,-24.625,147,-112.75,-22.125,111,-112.5,-22.3125
2023-04-25 14:04:01.857823,LTE_PHY_Connected_Mode_Intra_Freq_Meas,155,-94.3125,-8.625,(MI)Unknown,3400,0,0
2023-04-25 14:04:02.177850,LTE_PHY_Connected_Mode_Intra_Freq_Meas,155,-97.1875,-8.875,1_SCell,3050,2,0,111,-112.75,-23.4375,345,-112.6875,-23.375
2023-04-25 14:04:02.189643,LTE_PHY_Connected_Mode_Intra_Freq_Meas,155,-103.375,-7.5,2_SCell,525,0,0
2023-04-25 14:04:02.494654,LTE_PHY_Connected_Mode_Intra_Freq_Meas,155,-98.875,-9.125,PCell,1750,2,0,111,-115.4375,-23.125,375,-112.125,-21.5
2023-04-25 14:04:02.497813,LTE_PHY_Connected_Mode_Intra_Freq_Meas,155,-98.6875,-9.5,(MI)Unknown,3400,0,0
2023-04-25 14:04:03.137831,LTE_PHY_Connected_Mode_Intra_Freq_Meas,155,-96.8125,-10.0625,1_SCell,3050,2,0,345,-108.875,-22.375,111,-108.9375,-20.5625
2023-04-25 14:04:03.149636,LTE_PHY_Connected_Mode_Intra_Freq_Meas,155,-100.75,-9.375,2_SCell,525,0,0
2023-04-25 14:04:03.457834,LTE_PHY_Connected_Mode_Intra_Freq_Meas,155,-94.5625,-10.0,(MI)Unknown,3400,0,0
2023-04-25 14:04:03.774639,LTE_PHY_Connected_Mode_Intra_Freq_Meas,155,-100.375,-9.9375,PCell,1750,2,0,375,-111.375,-19.125,111,-116.9375,-23.625
2023-04-25 14:04:03.777820,LTE_PHY_Connected_Mode_Intra_Freq_Meas,155,-98.0,-9.25,1_SCell,3050,2,0,345,-114.8125,-21.9375,111,-111.9375,-20.125
2023-04-25 14:04:03.789634,LTE_PHY_Connected_Mode_Intra_Freq_Meas,155,-101.3125,-10.0625,2_SCell,525,0,0
2023-04-25 14:04:04.097837,LTE_PHY_Connected_Mode_Intra_Freq_Meas,155,-101.875,-10.375,2_SCell,525,1,0,171,-111.8125,-20.0625
2023-04-25 14:04:04.417836,LTE_PHY_Connected_Mode_Intra_Freq_Meas,155,-94.125,-10.25,(MI)Unknown,3400,0,0
2023-04-25 14:04:04.737845,LTE_PHY_Connected_Mode_Intra_Freq_Meas,155,-96.0,-8.5,1_SCell,3050,2,0,111,-113.625,-22.3125,345,-111.4375,-22.625
2023-04-25 14:04:05.054669,LTE_PHY_Connected_Mode_Intra_Freq_Meas,155,-100.0625,-9.625,PCell,1750,3,0,147,-116.5,-22.375,375,-114.9375,-19.125,111,-114.4375,-20.875
2023-04-25 14:04:05.057831,LTE_PHY_Connected_Mode_Intra_Freq_Meas,155,-99.75,-9.375,2_SCell,525,1,0,171,-116.25,-23.5625
2023-04-25 14:04:05.057896,LTE_PHY_Connected_Mode_Intra_Freq_Meas,155,-96.375,-8.4375,1_SCell,3050,2,0,345,-112.25,-22.9375,111,-114.25,-22.8125
2023-04-25 14:04:05.069678,LTE_PHY_Connected_Mode_Intra_Freq_Meas,155,-96.1875,-7.9375,(MI)Unknown,3400,0,0
2023-04-25 14:04:05.081820,LTE_PHY_Connected_Mode_Intra_Freq_Meas,155,-100.0625,-9.5,PCell,1750,3,0,111,-114.625,-21.0,375,-114.5625,-19.0625,147,-116.25,-22.1875
2023-04-25 14:04:06.017843,LTE_PHY_Connected_Mode_Intra_Freq_Meas,155,-97.9375,-10.0625,1_SCell,3050,2,0,345,-107.9375,-22.0,111,-109.625,-22.4375
2023-04-25 14:04:06.029647,LTE_PHY_Connected_Mode_Intra_Freq_Meas,155,-101.125,-7.5625,2_SCell,525,1,0,171,-120.5,-25.75
2023-04-25 14:04:06.041760,LTE_PHY_Connected_Mode_Intra_Freq_Meas,155,-95.4375,-10.0,(MI)Unknown,3400,0,0
2023-04-25 14:04:06.334659,LTE_PHY_Connected_Mode_Intra_Freq_Meas,155,-100.0625,-9.9375,PCell,1750,3,0,375,-111.75,-19.0625,111,-114.4375,-20.1875,147,-110.125,-18.25
2023-04-25 14:04:06.337839,LTE_PHY_Connected_Mode_Intra_Freq_Meas,155,-101.125,-7.8125,2_SCell,525,1,0,171,-113.9375,-24.0625
2023-04-25 14:04:06.337916,LTE_PHY_Connected_Mode_Intra_Freq_Meas,155,-98.0625,-10.0625,1_SCell,3050,2,0,345,-105.5625,-21.0,111,-109.0,-21.875
2023-04-25 14:04:06.977826,LTE_PHY_Connected_Mode_Intra_Freq_Meas,155,-95.5625,-10.5625,(MI)Unknown,3400,0,0
2023-04-25 14:04:07.297831,LTE_PHY_Connected_Mode_Intra_Freq_Meas,155,-96.6875,-9.875,1_SCell,3050,2,0,345,-108.3125,-21.3125,111,-109.875,-21.875
2023-04-25 14:04:07.309640,LTE_PHY_Connected_Mode_Intra_Freq_Meas,155,-100.1875,-9.5,2_SCell,525,1,0,171,-113.3125,-20.9375
2023-04-25 14:04:07.614642,LTE_PHY_Connected_Mode_Intra_Freq_Meas,155,-99.6875,-8.8125,PCell,1750,3,0,147,-118.9375,-23.1875,375,-111.25,-17.8125,111,-114.0625,-20.3125
2023-04-25 14:04:07.617811,LTE_PHY_Connected_Mode_Intra_Freq_Meas,155,-95.75,-10.3125,(MI)Unknown,3400,0,0
2023-04-25 14:04:08.257831,LTE_PHY_Connected_Mode_Intra_Freq_Meas,155,-96.875,-8.8125,1_SCell,3050,2,0,345,-111.3125,-22.375,111,-111.125,-22.375
2023-04-25 14:04:08.269641,LTE_PHY_Connected_Mode_Intra_Freq_Meas,155,-100.3125,-7.625,2_SCell,525,1,0,171,-121.5625,-26.0
2023-04-25 14:04:08.577823,LTE_PHY_Connected_Mode_Intra_Freq_Meas,155,-95.875,-10.625,(MI)Unknown,3400,0,0
2023-04-25 14:04:08.894659,LTE_PHY_Connected_Mode_Intra_Freq_Meas,155,-99.8125,-8.375,PCell,1750,3,0,375,-109.3125,-15.375,111,-112.3125,-18.25,147,-117.375,-22.9375
2023-04-25 14:04:08.897853,LTE_PHY_Connected_Mode_Intra_Freq_Meas,155,-97.1875,-8.5,1_SCell,3050,2,0,111,-109.9375,-21.625,345,-111.1875,-22.375
2023-04-25 14:04:08.909678,LTE_PHY_Connected_Mode_Intra_Freq_Meas,155,-100.0,-8.5625,2_SCell,525,1,0,171,-115.125,-23.9375
2023-04-25 14:04:08.921841,LTE_PHY_Connected_Mode_Intra_Freq_Meas,155,-99.875,-8.3125,PCell,1750,3,0,375,-109.875,-15.5625,111,-112.75,-18.5,147,-117.375,-23.0
2023-04-25 14:04:08.924669,LTE_PHY_Connected_Mode_Intra_Freq_Meas,155,-96.125,-9.9375,(MI)Unknown,3400,0,0
2023-04-25 14:04:13.875833,LTE_PHY_Connected_Mode_Intra_Freq_Meas,155,-98.375,-6.5,1_SCell,3050,0,0
2023-04-25 14:04:13.875839,LTE_PHY_Connected_Mode_Intra_Freq_Meas,155,-99.75,-6.1875,2_SCell,525,0,0
2023-04-25 14:04:13.875842,LTE_PHY_Connected_Mode_Intra_Freq_Meas,155,-98.3125,-6.5,(MI)Unknown,3400,0,0
2023-04-25 14:04:13.885834,LTE_PHY_Connected_Mode_Intra_Freq_Meas,155,-99.625,-9.0,PCell,1750,4,0,111,-117.0,-20.25,147,-114.0625,-20.125,375,-108.6875,-11.75,103,-112.0625,-18.3125
2023-04-25 14:04:13.915882,LTE_PHY_Connected_Mode_Intra_Freq_Meas,155,-98.5,-6.5,1_SCell,3050,0,0
2023-04-25 14:04:13.915887,LTE_PHY_Connected_Mode_Intra_Freq_Meas,155,-99.875,-6.25,2_SCell,525,0,0
2023-04-25 14:04:13.915890,LTE_PHY_Connected_Mode_Intra_Freq_Meas,155,-98.3125,-6.5,(MI)Unknown,3400,0,0
2023-04-25 14:04:13.955830,LTE_PHY_Connected_Mode_Intra_Freq_Meas,155,-98.5625,-6.5625,1_SCell,3050,0,0
2023-04-25 14:04:13.955837,LTE_PHY_Connected_Mode_Intra_Freq_Meas,155,-100.0,-6.25,2_SCell,525,0,0
2023-04-25 14:04:13.955839,LTE_PHY_Connected_Mode_Intra_Freq_Meas,155,-98.375,-6.5625,(MI)Unknown,3400,0,0
2023-04-25 14:04:13.995801,LTE_PHY_Connected_Mode_Intra_Freq_Meas,155,-98.6875,-6.625,1_SCell,3050,0,0
2023-04-25 14:04:13.995806,LTE_PHY_Connected_Mode_Intra_Freq_Meas,155,-100.0625,-6.3125,2_SCell,525,0,0
2023-04-25 14:04:13.995808,LTE_PHY_Connected_Mode_Intra_Freq_Meas,155,-98.5,-6.625,(MI)Unknown,3400,0,0
2023-04-25 14:04:14.008162,LTE_PHY_Connected_Mode_Intra_Freq_Meas,155,-98.75,-6.625,1_SCell,3050,0,0
2023-04-25 14:04:14.008170,LTE_PHY_Connected_Mode_Intra_Freq_Meas,155,-98.5,-6.8125,(MI)Unknown,3400,0,0
2023-04-25 14:04:14.035795,LTE_PHY_Connected_Mode_Intra_Freq_Meas,155,-98.75,-6.6875,1_SCell,3050,0,0
2023-04-25 14:04:14.035803,LTE_PHY_Connected_Mode_Intra_Freq_Meas,155,-98.5625,-6.875,(MI)Unknown,3400,0,0
2023-04-25 14:04:14.046771,LTE_PHY_Connected_Mode_Intra_Freq_Meas,155,-100.5,-6.625,2_SCell,525,0,0
2023-04-25 14:04:14.075787,LTE_PHY_Connected_Mode_Intra_Freq_Meas,155,-98.75,-6.75,1_SCell,3050,0,0
2023-04-25 14:04:14.075795,LTE_PHY_Connected_Mode_Intra_Freq_Meas,155,-98.625,-7.0625,(MI)Unknown,3400,0,0
2023-04-25 14:04:14.085029,LTE_PHY_Connected_Mode_Intra_Freq_Meas,155,-101.6875,-9.0625,PCell,1750,4,0,375,-109.4375,-12.4375,103,-113.5,-18.375,147,-114.0625,-19.625,111,-115.3125,-19.8125
2023-04-25 14:04:14.115800,LTE_PHY_Connected_Mode_Intra_Freq_Meas,155,-98.75,-6.8125,1_SCell,3050,0,0
2023-04-25 14:04:14.115807,LTE_PHY_Connected_Mode_Intra_Freq_Meas,155,-98.625,-7.0625,(MI)Unknown,3400,0,0
2023-04-25 14:04:14.155792,LTE_PHY_Connected_Mode_Intra_Freq_Meas,155,-98.75,-6.75,1_SCell,3050,0,0
2023-04-25 14:04:14.155799,LTE_PHY_Connected_Mode_Intra_Freq_Meas,155,-98.5625,-7.125,(MI)Unknown,3400,0,0
2023-04-25 14:04:14.195766,LTE_PHY_Connected_Mode_Intra_Freq_Meas,155,-98.6875,-6.75,1_SCell,3050,0,0
2023-04-25 14:04:14.195774,LTE_PHY_Connected_Mode_Intra_Freq_Meas,155,-98.5625,-7.125,(MI)Unknown,3400,0,0
2023-04-25 14:04:14.235796,LTE_PHY_Connected_Mode_Intra_Freq_Meas,155,-98.625,-6.75,1_SCell,3050,0,0
2023-04-25 14:04:14.235803,LTE_PHY_Connected_Mode_Intra_Freq_Meas,155,-98.5,-7.125,(MI)Unknown,3400,0,0
2023-04-25 14:04:14.275785,LTE_PHY_Connected_Mode_Intra_Freq_Meas,155,-98.625,-6.75,1_SCell,3050,0,0
2023-04-25 14:04:14.285078,LTE_PHY_Connected_Mode_Intra_Freq_Meas,155,-102.3125,-8.9375,PCell,1750,4,0,375,-109.25,-12.625,103,-115.625,-18.9375,147,-116.9375,-20.5,111,-116.5,-20.125
2023-04-25 14:04:14.287828,LTE_PHY_Connected_Mode_Intra_Freq_Meas,155,-98.375,-7.125,(MI)Unknown,3400,0,0
2023-04-25 14:04:14.361372,LTE_PHY_Connected_Mode_Intra_Freq_Meas,155,-98.4375,-6.75,1_SCell,3050,0,0
2023-04-25 14:04:14.361518,LTE_PHY_Connected_Mode_Intra_Freq_Meas,155,-98.4375,-6.75,1_SCell,3050,0,0
2023-04-25 14:04:14.522901,LTE_PHY_Connected_Mode_Intra_Freq_Meas,155,-98.4375,-6.75,1_SCell,3050,0,0
2023-04-25 14:04:14.525462,LTE_PHY_Connected_Mode_Intra_Freq_Meas,155,-98.0625,-6.6875,1_SCell,3050,0,0
2023-04-25 14:04:14.555762,LTE_PHY_Connected_Mode_Intra_Freq_Meas,155,-98.0625,-6.6875,1_SCell,3050,0,0
2023-04-25 14:04:14.565206,LTE_PHY_Connected_Mode_Intra_Freq_Meas,155,-98.4375,-8.4375,PCell,1750,4,0,375,-109.25,-12.625,103,-115.625,-18.9375,111,-116.5,-20.125,147,-116.9375,-20.5
2023-04-25 14:04:14.568898,LTE_PHY_Connected_Mode_Intra_Freq_Meas,155,-100.75,-7.5625,2_SCell,525,0,0
2023-04-25 14:04:14.595785,LTE_PHY_Connected_Mode_Intra_Freq_Meas,155,-97.9375,-6.625,1_SCell,3050,0,0
2023-04-25 14:04:14.605018,LTE_PHY_Connected_Mode_Intra_Freq_Meas,155,-98.6875,-8.4375,PCell,1750,4,0,375,-109.375,-13.6875,103,-114.8125,-19.6875,111,-115.75,-20.75,147,-114.0,-20.4375
2023-04-25 14:04:14.606810,LTE_PHY_Connected_Mode_Intra_Freq_Meas,155,-98.0625,-7.3125,(MI)Unknown,3400,0,0
2023-04-25 14:04:14.647830,LTE_PHY_Connected_Mode_Intra_Freq_Meas,155,-99.1875,-6.75,1_SCell,3050,0,0
2023-04-25 14:04:15.205009,LTE_PHY_Connected_Mode_Intra_Freq_Meas,155,-98.75,-7.75,PCell,1750,4,0,375,-110.8125,-15.9375,147,-117.4375,-22.625,103,-112.75,-19.625,111,-111.5625,-19.4375
2023-04-25 14:04:15.206770,LTE_PHY_Connected_Mode_Intra_Freq_Meas,155,-102.3125,-7.75,1_SCell,3050,0,0
2023-04-25 14:04:15.247827,LTE_PHY_Connected_Mode_Intra_Freq_Meas,155,-100.8125,-8.0625,2_SCell,525,0,0
2023-04-25 14:04:15.287828,LTE_PHY_Connected_Mode_Intra_Freq_Meas,155,-98.4375,-7.875,(MI)Unknown,3400,0,0
2023-04-25 14:04:16.165014,LTE_PHY_Connected_Mode_Intra_Freq_Meas,155,-98.5,-8.6875,PCell,1750,4,0,375,-111.3125,-17.1875,111,-114.1875,-20.25,103,-116.25,-21.8125,147,-114.375,-21.3125
2023-04-25 14:04:16.167860,LTE_PHY_Connected_Mode_Intra_Freq_Meas,155,-102.75,-8.625,1_SCell,3050,0,0
2023-04-25 14:04:16.207872,LTE_PHY_Connected_Mode_Intra_Freq_Meas,155,-100.875,-9.75,2_SCell,525,0,0
2023-04-25 14:04:16.247860,LTE_PHY_Connected_Mode_Intra_Freq_Meas,155,-98.625,-10.0625,(MI)Unknown,3400,0,0
2023-04-25 14:04:17.414638,LTE_PHY_Connected_Mode_Intra_Freq_Meas,155,-103.25,-9.25,1_SCell,3050,0,0
2023-04-25 14:04:17.426774,LTE_PHY_Connected_Mode_Intra_Freq_Meas,155,-101.0,-9.25,2_SCell,525,0,0
2023-04-25 14:04:17.438886,LTE_PHY_Connected_Mode_Intra_Freq_Meas,155,-98.75,-9.125,(MI)Unknown,3400,0,0
2023-04-25 14:04:17.731778,LTE_PHY_Connected_Mode_Intra_Freq_Meas,155,-98.375,-8.25,PCell,1750,4,0,375,-111.8125,-18.6875,111,-114.0625,-21.0,147,-113.6875,-20.75,103,-116.1875,-23.0625
2023-04-25 14:04:17.734655,LTE_PHY_Connected_Mode_Intra_Freq_Meas,155,-102.9375,-9.125,1_SCell,3050,0,0
2023-04-25 14:04:18.060051,LTE_PHY_Connected_Mode_Intra_Freq_Meas,155,-98.3125,-8.25,PCell,1750,4,0,375,-111.25,-18.375,147,-117.375,-22.5625,111,-113.375,-20.625,103,-113.0,-21.4375
2023-04-25 14:04:18.062870,LTE_PHY_Connected_Mode_Intra_Freq_Meas,155,-100.4375,-9.375,2_SCell,525,0,0
2023-04-25 14:04:18.062915,LTE_PHY_Connected_Mode_Intra_Freq_Meas,155,-101.8125,-8.6875,1_SCell,3050,0,0
2023-04-25 14:04:18.101819,LTE_PHY_Connected_Mode_Intra_Freq_Meas,155,-98.625,-10.125,(MI)Unknown,3400,0,0
2023-04-25 14:04:18.374643,LTE_PHY_Connected_Mode_Intra_Freq_Meas,155,-101.875,-9.0625,1_SCell,3050,1,0,147,-113.8125,-18.9375
2023-04-25 14:04:18.386776,LTE_PHY_Connected_Mode_Intra_Freq_Meas,155,-101.125,-9.8125,2_SCell,525,1,0,147,-111.375,-19.8125
2023-04-25 14:04:19.331781,LTE_PHY_Connected_Mode_Intra_Freq_Meas,155,-98.75,-8.875,PCell,1750,4,0,375,-114.0625,-20.625,103,-115.5,-20.125,111,-115.625,-22.25,147,-119.6875,-25.625
2023-04-25 14:04:19.334631,LTE_PHY_Connected_Mode_Intra_Freq_Meas,155,-101.1875,-8.6875,1_SCell,3050,1,0,147,-113.9375,-20.75
2023-04-25 14:04:19.346772,LTE_PHY_Connected_Mode_Intra_Freq_Meas,155,-101.125,-9.75,2_SCell,525,1,0,147,-110.875,-18.25
2023-04-25 14:04:19.358888,LTE_PHY_Connected_Mode_Intra_Freq_Meas,155,-99.5,-8.625,(MI)Unknown,3400,0,0
2023-04-25 14:04:19.995754,LTE_PHY_Connected_Mode_Intra_Freq_Meas,155,-98.8125,-9.6875,PCell,1750,4,0,375,-109.5,-19.6875,103,-108.8125,-19.0,111,-110.1875,-20.6875,147,-112.25,-23.1875
2023-04-25 14:04:19.998928,LTE_PHY_Connected_Mode_Intra_Freq_Meas,155,-100.875,-9.125,1_SCell,3050,1,0,147,-113.6875,-21.0625
2023-04-25 14:04:20.038950,LTE_PHY_Connected_Mode_Intra_Freq_Meas,155,-101.0625,-9.9375,2_SCell,525,1,0,147,-111.5625,-19.3125
2023-04-25 14:04:20.097877,LTE_PHY_Connected_Mode_Intra_Freq_Meas,155,-99.625,-8.6875,(MI)Unknown,3400,0,0
2023-04-25 14:04:20.294647,LTE_PHY_Connected_Mode_Intra_Freq_Meas,155,-101.9375,-9.625,2_SCell,525,2,0,171,-118.3125,-24.875,147,-115.0,-20.25
2023-04-25 14:04:20.635858,LTE_PHY_Connected_Mode_Intra_Freq_Meas,155,-98.875,-9.125,PCell,1750,4,0,103,-110.375,-19.25,375,-111.9375,-20.4375,111,-114.125,-22.125,147,-115.125,-23.4375
2023-04-25 14:04:20.638887,LTE_PHY_Connected_Mode_Intra_Freq_Meas,155,-100.8125,-8.75,1_SCell,3050,1,0,147,-115.25,-22.125
2023-04-25 14:04:20.639662,LTE_PHY_Connected_Mode_Intra_Freq_Meas,155,-101.5625,-9.0,2_SCell,525,2,0,147,-116.1875,-21.5,171,-115.0625,-23.25
2023-04-25 14:04:20.678903,LTE_PHY_Connected_Mode_Intra_Freq_Meas,155,-99.75,-8.5,(MI)Unknown,3400,0,0
2023-04-25 14:04:21.574640,LTE_PHY_Connected_Mode_Intra_Freq_Meas,155,-100.75,-10.1875,1_SCell,3050,1,0,147,-109.6875,-20.5
2023-04-25 14:04:21.586771,LTE_PHY_Connected_Mode_Intra_Freq_Meas,155,-101.8125,-10.0625,2_SCell,525,2,0,171,-113.75,-20.875,147,-111.9375,-20.875
2023-04-25 14:04:21.891778,LTE_PHY_Connected_Mode_Intra_Freq_Meas,155,-97.25,-8.75,PCell,1750,4,0,103,-115.4375,-22.5,375,-109.0,-17.625,111,-115.75,-23.4375,147,-116.0625,-23.9375
2023-04-25 14:04:21.894628,LTE_PHY_Connected_Mode_Intra_Freq_Meas,155,-99.875,-10.75,(MI)Unknown,3400,0,0
2023-04-25 14:04:22.534637,LTE_PHY_Connected_Mode_Intra_Freq_Meas,155,-100.8125,-10.4375,1_SCell,3050,1,0,147,-108.0625,-19.25
2023-04-25 14:04:22.546774,LTE_PHY_Connected_Mode_Intra_Freq_Meas,155,-101.25,-9.625,2_SCell,525,2,0,147,-111.875,-20.4375,171,-109.875,-20.625
2023-04-25 14:04:22.854662,LTE_PHY_Connected_Mode_Intra_Freq_Meas,155,-99.125,-10.875,(MI)Unknown,3400,0,0
2023-04-25 14:04:23.172867,LTE_PHY_Connected_Mode_Intra_Freq_Meas,155,-97.4375,-9.125,PCell,1750,4,0,375,-107.0625,-16.875,103,-113.75,-22.3125,111,-111.3125,-20.0625,147,-112.5625,-21.875
2023-04-25 14:04:23.175033,LTE_PHY_Connected_Mode_Intra_Freq_Meas,155,-100.9375,-9.8125,2_SCell,525,2,0,171,-114.1875,-22.0625,147,-113.8125,-20.5625
2023-04-25 14:04:23.175683,LTE_PHY_Connected_Mode_Intra_Freq_Meas,155,-101.125,-10.375,1_SCell,3050,1,0,147,-109.875,-20.0625
2023-04-25 14:04:23.494643,LTE_PHY_Connected_Mode_Intra_Freq_Meas,155,-100.8125,-10.375,1_SCell,3050,2,0,345,-113.125,-18.8125,147,-112.125,-20.5
2023-04-25 14:04:23.814640,LTE_PHY_Connected_Mode_Intra_Freq_Meas,155,-98.8125,-10.625,(MI)Unknown,3400,0,0
2023-04-25 14:04:23.835837,LTE_PHY_Connected_Mode_Intra_Freq_Meas,155,-97.5,-9.4375,PCell,1750,4,0,375,-112.0625,-19.8125,111,-110.5,-19.9375,147,-111.6875,-21.3125,103,-110.5625,-19.5
2023-04-25 14:04:23.838886,LTE_PHY_Connected_Mode_Intra_Freq_Meas,155,-100.4375,-10.1875,2_SCell,525,2,0,147,-110.0,-20.0625,171,-112.1875,-21.5
2023-04-25 14:04:23.839659,LTE_PHY_Connected_Mode_Intra_Freq_Meas,155,-100.375,-10.5625,1_SCell,3050,2,0,147,-109.6875,-20.125,345,-112.3125,-20.0
2023-04-25 14:04:24.774644,LTE_PHY_Connected_Mode_Intra_Freq_Meas,155,-101.375,-9.1875,1_SCell,3050,2,0,147,-116.125,-22.5,345,-115.75,-22.1875
2023-04-25 14:04:24.786775,LTE_PHY_Connected_Mode_Intra_Freq_Meas,155,-100.625,-8.75,2_SCell,525,2,0,147,-117.9375,-22.625,171,-116.375,-20.0625
2023-04-25 14:04:24.798885,LTE_PHY_Connected_Mode_Intra_Freq_Meas,155,-98.5625,-8.5625,(MI)Unknown,3400,0,0
2023-04-25 14:04:25.091776,LTE_PHY_Connected_Mode_Intra_Freq_Meas,155,-97.1875,-8.875,PCell,1750,4,0,111,-116.75,-23.25,103,-113.375,-20.4375,147,-114.1875,-21.375,375,-110.5,-18.0625
2023-04-25 14:04:25.094630,LTE_PHY_Connected_Mode_Intra_Freq_Meas,155,-101.5,-9.125,1_SCell,3050,2,0,345,-115.8125,-22.8125,147,-114.0625,-22.5
2023-04-25 14:04:25.414675,LTE_PHY_Connected_Mode_Intra_Freq_Meas,155,-98.3125,-9.8125,(MI)Unknown,3400,0,0
2023-04-25 14:04:30.215782,LTE_PHY_Connected_Mode_Intra_Freq_Meas,155,-30.0,0.0,1_SCell,3050,0,0
2023-04-25 14:04:30.215788,LTE_PHY_Connected_Mode_Intra_Freq_Meas,155,-30.0,0.0,2_SCell,1400,0,0
2023-04-25 14:04:30.215791,LTE_PHY_Connected_Mode_Intra_Freq_Meas,155,-30.0,0.0,(MI)Unknown,3400,0,0
2023-04-25 14:04:30.226924,LTE_PHY_Connected_Mode_Intra_Freq_Meas,155,-97.0,-7.75,PCell,1750,4,0,375,-108.0625,-12.5625,147,-113.75,-18.3125,103,-117.5625,-22.125,111,-115.5625,-20.0625
2023-04-25 14:04:30.295877,LTE_PHY_Connected_Mode_Intra_Freq_Meas,155,-99.25,-6.8125,1_SCell,3050,0,0
2023-04-25 14:04:30.295884,LTE_PHY_Connected_Mode_Intra_Freq_Meas,155,-98.875,-9.5625,2_SCell,1400,0,0
2023-04-25 14:04:30.295887,LTE_PHY_Connected_Mode_Intra_Freq_Meas,155,-98.25,-6.8125,(MI)Unknown,3400,0,0
2023-04-25 14:04:30.335874,LTE_PHY_Connected_Mode_Intra_Freq_Meas,155,-99.3125,-6.875,1_SCell,3050,0,0
2023-04-25 14:04:30.335881,LTE_PHY_Connected_Mode_Intra_Freq_Meas,155,-99.0,-9.375,2_SCell,1400,0,0
2023-04-25 14:04:30.335884,LTE_PHY_Connected_Mode_Intra_Freq_Meas,155,-98.3125,-6.875,(MI)Unknown,3400,0,0
2023-04-25 14:04:30.522881,LTE_PHY_Connected_Mode_Intra_Freq_Meas,155,-102.625,-8.875,2_SCell,525,0,0
2023-04-25 14:04:30.522883,LTE_PHY_Connected_Mode_Intra_Freq_Meas,155,-94.6875,-6.875,(MI)Unknown,3400,0,0
2023-04-25 14:04:30.540210,LTE_PHY_Connected_Mode_Intra_Freq_Meas,155,-97.1875,-7.125,1_SCell,3050,0,0
2023-04-25 14:04:30.540215,LTE_PHY_Connected_Mode_Intra_Freq_Meas,155,-102.625,-8.8125,2_SCell,525,0,0
2023-04-25 14:04:30.540217,LTE_PHY_Connected_Mode_Intra_Freq_Meas,155,-94.625,-6.875,(MI)Unknown,3400,0,0
2023-04-25 14:04:30.542001,LTE_PHY_Connected_Mode_Intra_Freq_Meas,155,-97.0,-7.1875,1_SCell,3050,0,0
2023-04-25 14:04:30.542004,LTE_PHY_Connected_Mode_Intra_Freq_Meas,155,-102.5625,-8.875,2_SCell,525,0,0
2023-04-25 14:04:30.542006,LTE_PHY_Connected_Mode_Intra_Freq_Meas,155,-94.5,-6.8125,(MI)Unknown,3400,0,0
2023-04-25 14:04:30.621842,LTE_PHY_Connected_Mode_Intra_Freq_Meas,155,-97.0,-7.1875,1_SCell,3050,0,0
2023-04-25 14:04:30.621846,LTE_PHY_Connected_Mode_Intra_Freq_Meas,155,-102.5625,-8.875,2_SCell,525,0,0
2023-04-25 14:04:30.621849,LTE_PHY_Connected_Mode_Intra_Freq_Meas,155,-94.5,-6.8125,(MI)Unknown,3400,0,0
2023-04-25 14:04:30.621951,LTE_PHY_Connected_Mode_Intra_Freq_Meas,155,-97.0,-7.1875,1_SCell,3050,0,0
2023-04-25 14:04:30.621953,LTE_PHY_Connected_Mode_Intra_Freq_Meas,155,-102.5625,-8.875,2_SCell,525,0,0
2023-04-25 14:04:30.621955,LTE_PHY_Connected_Mode_Intra_Freq_Meas,155,-94.5,-6.8125,(MI)Unknown,3400,0,0
2023-04-25 14:04:30.645780,LTE_PHY_Connected_Mode_Intra_Freq_Meas,155,-97.0,-7.1875,1_SCell,3050,0,0
2023-04-25 14:04:30.645786,LTE_PHY_Connected_Mode_Intra_Freq_Meas,155,-94.5,-6.8125,(MI)Unknown,3400,0,0
2023-04-25 14:04:30.655050,LTE_PHY_Connected_Mode_Intra_Freq_Meas,155,-100.125,-8.0,PCell,1750,4,0,375,-111.125,-15.0625,103,-111.375,-20.25,147,-114.6875,-19.9375,111,-116.3125,-21.5625
2023-04-25 14:04:30.657828,LTE_PHY_Connected_Mode_Intra_Freq_Meas,155,-102.625,-8.8125,2_SCell,525,0,0
2023-04-25 14:04:30.685776,LTE_PHY_Connected_Mode_Intra_Freq_Meas,155,-95.9375,-7.125,1_SCell,3050,0,0
2023-04-25 14:04:30.685783,LTE_PHY_Connected_Mode_Intra_Freq_Meas,155,-93.9375,-6.875,(MI)Unknown,3400,0,0
2023-04-25 14:04:30.725776,LTE_PHY_Connected_Mode_Intra_Freq_Meas,155,-95.8125,-7.125,1_SCell,3050,0,0
2023-04-25 14:04:30.725783,LTE_PHY_Connected_Mode_Intra_Freq_Meas,155,-93.8125,-6.9375,(MI)Unknown,3400,0,0
2023-04-25 14:04:30.740179,LTE_PHY_Connected_Mode_Intra_Freq_Meas,155,-95.8125,-7.125,1_SCell,3050,0,0
2023-04-25 14:04:30.740186,LTE_PHY_Connected_Mode_Intra_Freq_Meas,155,-93.8125,-6.9375,(MI)Unknown,3400,0,0
2023-04-25 14:04:30.740295,LTE_PHY_Connected_Mode_Intra_Freq_Meas,155,-95.8125,-7.125,1_SCell,3050,0,0
2023-04-25 14:04:30.740298,LTE_PHY_Connected_Mode_Intra_Freq_Meas,155,-93.8125,-6.9375,(MI)Unknown,3400,0,0
2023-04-25 14:04:30.941850,LTE_PHY_Connected_Mode_Intra_Freq_Meas,155,-95.8125,-7.125,1_SCell,3050,0,0
2023-04-25 14:04:30.941857,LTE_PHY_Connected_Mode_Intra_Freq_Meas,155,-93.8125,-6.9375,(MI)Unknown,3400,0,0
2023-04-25 14:04:30.944079,LTE_PHY_Connected_Mode_Intra_Freq_Meas,155,-95.0625,-7.125,1_SCell,3050,0,0
2023-04-25 14:04:30.944084,LTE_PHY_Connected_Mode_Intra_Freq_Meas,155,-93.5625,-6.9375,(MI)Unknown,3400,0,0
2023-04-25 14:04:31.261837,LTE_PHY_Connected_Mode_Intra_Freq_Meas,155,-95.0625,-7.125,1_SCell,3050,0,0
2023-04-25 14:04:31.261845,LTE_PHY_Connected_Mode_Intra_Freq_Meas,155,-93.5625,-6.9375,(MI)Unknown,3400,0,0
2023-04-25 14:04:31.264248,LTE_PHY_Connected_Mode_Intra_Freq_Meas,155,-94.8125,-6.9375,1_SCell,3050,0,0
2023-04-25 14:04:31.264253,LTE_PHY_Connected_Mode_Intra_Freq_Meas,155,-93.625,-6.75,(MI)Unknown,3400,0,0
2023-04-25 14:04:31.285763,LTE_PHY_Connected_Mode_Intra_Freq_Meas,155,-94.8125,-6.9375,1_SCell,3050,0,0
2023-04-25 14:04:31.294643,LTE_PHY_Connected_Mode_Intra_Freq_Meas,155,-99.625,-8.3125,PCell,1750,2,0,375,-111.9375,-16.4375,147,-119.25,-21.1875
2023-04-25 14:04:32.577827,LTE_PHY_Connected_Mode_Intra_Freq_Meas,155,-99.0625,-8.4375,1_SCell,3050,0,0
2023-04-25 14:04:32.577890,LTE_PHY_Connected_Mode_Intra_Freq_Meas,155,-101.4375,-10.25,2_SCell,525,1,0,171,-112.25,-20.0625
2023-04-25 14:04:32.616764,LTE_PHY_Connected_Mode_Intra_Freq_Meas,155,-95.375,-9.4375,(MI)Unknown,3400,0,0
2023-04-25 14:04:33.513889,LTE_PHY_Connected_Mode_Intra_Freq_Meas,155,-97.4375,-8.4375,1_SCell,3050,0,0
2023-04-25 14:04:33.525719,LTE_PHY_Connected_Mode_Intra_Freq_Meas,155,-102.6875,-11.3125,2_SCell,525,1,0,171,-112.875,-21.4375
2023-04-25 14:04:33.830716,LTE_PHY_Connected_Mode_Intra_Freq_Meas,155,-100.5625,-8.25,PCell,1750,3,0,375,-114.5,-20.0,103,-114.0,-19.625,147,-117.25,-23.125
2023-04-25 14:04:33.833881,LTE_PHY_Connected_Mode_Intra_Freq_Meas,155,-97.5625,-8.4375,1_SCell,3050,0,0
2023-04-25 14:04:33.833935,LTE_PHY_Connected_Mode_Intra_Freq_Meas,155,-102.6875,-10.5,2_SCell,525,1,0,171,-117.6875,-21.9375
2023-04-25 14:04:33.845716,LTE_PHY_Connected_Mode_Intra_Freq_Meas,155,-94.5625,-8.5625,(MI)Unknown,3400,0,0
2023-04-25 14:04:36.393970,LTE_PHY_Connected_Mode_Intra_Freq_Meas,155,-96.8125,-8.75,1_SCell,3050,0,0
2023-04-25 14:04:36.414653,LTE_PHY_Connected_Mode_Intra_Freq_Meas,155,-100.25,-9.3125,PCell,1750,3,0,103,-113.4375,-20.375,375,-114.8125,-21.8125,147,-117.125,-22.25
2023-04-25 14:04:36.417816,LTE_PHY_Connected_Mode_Intra_Freq_Meas,155,-97.25,-9.8125,(MI)Unknown,3400,0,0
2023-04-25 14:04:36.713894,LTE_PHY_Connected_Mode_Intra_Freq_Meas,155,-97.1875,-9.4375,1_SCell,3050,1,0,345,-105.3125,-19.25
2023-04-25 14:04:37.353892,LTE_PHY_Connected_Mode_Intra_Freq_Meas,155,-102.1875,-10.125,2_SCell,525,1,0,171,-111.125,-19.5625
2023-04-25 14:04:37.365707,LTE_PHY_Connected_Mode_Intra_Freq_Meas,155,-97.25,-11.5,(MI)Unknown,3400,0,0
2023-04-25 14:04:37.670719,LTE_PHY_Connected_Mode_Intra_Freq_Meas,155,-99.9375,-8.75,PCell,1750,3,0,103,-119.25,-22.8125,375,-114.0625,-20.1875,147,-119.6875,-24.875
2023-04-25 14:04:37.673888,LTE_PHY_Connected_Mode_Intra_Freq_Meas,155,-96.9375,-8.4375,1_SCell,3050,1,0,345,-110.4375,-20.9375
2023-04-25 14:04:37.673946,LTE_PHY_Connected_Mode_Intra_Freq_Meas,155,-102.0,-9.6875,2_SCell,525,1,0,171,-118.0625,-20.625
2023-04-25 14:04:38.313886,LTE_PHY_Connected_Mode_Intra_Freq_Meas,155,-96.875,-9.1875,(MI)Unknown,3400,0,0
2023-04-25 14:04:38.633891,LTE_PHY_Connected_Mode_Intra_Freq_Meas,155,-97.0,-8.0,1_SCell,3050,1,0,345,-111.75,-22.125
2023-04-25 14:04:38.645717,LTE_PHY_Connected_Mode_Intra_Freq_Meas,155,-102.0625,-8.5625,2_SCell,525,1,0,171,-119.0,-22.3125
2023-04-25 14:04:38.950715,LTE_PHY_Connected_Mode_Intra_Freq_Meas,155,-100.0,-8.8125,PCell,1750,3,0,375,-116.9375,-21.8125,103,-118.5625,-23.625,147,-118.875,-24.25
2023-04-25 14:04:38.953886,LTE_PHY_Connected_Mode_Intra_Freq_Meas,155,-97.5625,-8.0,1_SCell,3050,1,0,345,-108.8125,-21.125
2023-04-25 14:04:38.953945,LTE_PHY_Connected_Mode_Intra_Freq_Meas,155,-102.0625,-9.1875,2_SCell,525,1,0,171,-112.875,-21.6875
2023-04-25 14:04:38.965705,LTE_PHY_Connected_Mode_Intra_Freq_Meas,155,-97.0625,-8.875,(MI)Unknown,3400,0,0
2023-04-25 14:04:39.913898,LTE_PHY_Connected_Mode_Intra_Freq_Meas,155,-97.5,-8.6875,1_SCell,3050,1,0,345,-108.8125,-20.5625
2023-04-25 14:04:39.925712,LTE_PHY_Connected_Mode_Intra_Freq_Meas,155,-101.625,-8.625,2_SCell,525,1,0,171,-119.625,-22.375
2023-04-25 14:04:39.937824,LTE_PHY_Connected_Mode_Intra_Freq_Meas,155,-96.5625,-9.3125,(MI)Unknown,3400,0,0
2023-04-25 14:04:40.230727,LTE_PHY_Connected_Mode_Intra_Freq_Meas,155,-100.25,-8.8125,PCell,1750,4,0,111,-117.0,-23.6875,375,-116.3125,-22.8125,103,-113.375,-20.75,147,-120.1875,-26.4375
2023-04-25 14:04:40.233883,LTE_PHY_Connected_Mode_Intra_Freq_Meas,155,-97.4375,-8.625,1_SCell,3050,1,0,345,-111.1875,-21.1875
2023-04-25 14:04:40.254653,LTE_PHY_Connected_Mode_Intra_Freq_Meas,155,-100.3125,-8.75,PCell,1750,4,0,103,-113.25,-20.6875,375,-116.1875,-22.75,111,-117.125,-23.75,147,-119.6875,-26.3125
2023-04-25 14:04:40.257823,LTE_PHY_Connected_Mode_Intra_Freq_Meas,155,-101.8125,-10.0,2_SCell,525,1,0,171,-111.25,-21.1875
2023-04-25 14:04:40.873886,LTE_PHY_Connected_Mode_Intra_Freq_Meas,155,-96.3125,-9.0,(MI)Unknown,3400,0,0
2023-04-25 14:04:41.193889,LTE_PHY_Connected_Mode_Intra_Freq_Meas,155,-97.0,-8.8125,1_SCell,3050,1,0,345,-110.25,-21.875
2023-04-25 14:04:41.205721,LTE_PHY_Connected_Mode_Intra_Freq_Meas,155,-101.0625,-10.4375,2_SCell,525,1,0,171,-111.625,-20.125
2023-04-25 14:04:42.153895,LTE_PHY_Connected_Mode_Intra_Freq_Meas,155,-99.375,-10.5625,1_SCell,3050,1,0,345,-108.1875,-20.75
2023-04-25 14:04:42.165715,LTE_PHY_Connected_Mode_Intra_Freq_Meas,155,-102.0,-10.375,2_SCell,525,1,0,171,-114.1875,-21.875
2023-04-25 14:04:42.473891,LTE_PHY_Connected_Mode_Intra_Freq_Meas,155,-94.9375,-9.5,(MI)Unknown,3400,0,0
2023-04-25 14:04:42.790807,LTE_PHY_Connected_Mode_Intra_Freq_Meas,155,-99.875,-8.625,PCell,1750,4,0,375,-113.5625,-18.5625,103,-117.625,-20.625,111,-117.4375,-22.25,147,-119.9375,-24.875
2023-04-25 14:04:42.793875,LTE_PHY_Connected_Mode_Intra_Freq_Meas,155,-99.3125,-9.5625,1_SCell,3050,1,0,345,-109.8125,-20.875
2023-04-25 14:04:42.805750,LTE_PHY_Connected_Mode_Intra_Freq_Meas,155,-102.4375,-9.5625,2_SCell,525,1,0,171,-114.4375,-21.375
2023-04-25 14:04:43.433893,LTE_PHY_Connected_Mode_Intra_Freq_Meas,155,-95.3125,-8.9375,(MI)Unknown,3400,0,0
2023-04-25 14:04:43.753890,LTE_PHY_Connected_Mode_Intra_Freq_Meas,155,-100.5,-8.8125,1_SCell,3050,1,0,345,-115.6875,-23.125
2023-04-25 14:04:43.765714,LTE_PHY_Connected_Mode_Intra_Freq_Meas,155,-102.8125,-11.125,2_SCell,525,1,0,171,-112.9375,-21.0
2023-04-25 14:04:44.070725,LTE_PHY_Connected_Mode_Intra_Freq_Meas,155,-100.1875,-9.5625,PCell,1750,4,0,375,-109.6875,-17.9375,111,-113.375,-21.5625,103,-113.3125,-18.3125,147,-111.5625,-20.3125
2023-04-25 14:04:44.073878,LTE_PHY_Connected_Mode_Intra_Freq_Meas,155,-95.125,-10.5625,(MI)Unknown,3400,0,0
2023-04-25 14:04:44.094649,LTE_PHY_Connected_Mode_Intra_Freq_Meas,155,-100.1875,-9.5625,PCell,1750,4,0,375,-110.375,-18.0,147,-112.0625,-20.375,103,-113.6875,-18.375,111,-113.6875,-21.625
2023-04-25 14:04:44.097816,LTE_PHY_Connected_Mode_Intra_Freq_Meas,155,-99.9375,-8.6875,1_SCell,3050,1,0,345,-111.0625,-21.4375
2023-04-25 14:04:44.713899,LTE_PHY_Connected_Mode_Intra_Freq_Meas,155,-107.0625,-9.4375,2_SCell,525,1,0,171,-120.8125,-22.1875
2023-04-25 14:04:45.033891,LTE_PHY_Connected_Mode_Intra_Freq_Meas,155,-98.6875,-10.375,1_SCell,3050,1,0,345,-110.4375,-21.0
2023-04-25 14:04:45.045708,LTE_PHY_Connected_Mode_Intra_Freq_Meas,155,-94.875,-8.9375,(MI)Unknown,3400,0,0
2023-04-25 14:04:45.350722,LTE_PHY_Connected_Mode_Intra_Freq_Meas,155,-99.5,-10.3125,PCell,1750,4,0,375,-110.0,-18.4375,147,-112.375,-20.8125,111,-113.0,-21.5625,103,-114.375,-22.125
2023-04-25 14:04:45.353918,LTE_PHY_Connected_Mode_Intra_Freq_Meas,155,-103.4375,-10.5625,2_SCell,525,1,0,171,-113.125,-20.8125
2023-04-25 14:04:45.353992,LTE_PHY_Connected_Mode_Intra_Freq_Meas,155,-98.6875,-10.625,1_SCell,3050,1,0,345,-110.125,-21.4375
2023-04-25 14:04:45.673892,LTE_PHY_Connected_Mode_Intra_Freq_Meas,155,-103.0,-10.6875,2_SCell,525,1,0,375,-116.25,-23.0
2023-04-25 14:04:45.993890,LTE_PHY_Connected_Mode_Intra_Freq_Meas,155,-94.6875,-9.625,(MI)Unknown,3400,0,0
2023-04-25 14:04:46.313894,LTE_PHY_Connected_Mode_Intra_Freq_Meas,155,-99.4375,-10.5,1_SCell,3050,1,0,345,-113.0,-20.5625
2023-04-25 14:04:46.630770,LTE_PHY_Connected_Mode_Intra_Freq_Meas,155,-99.3125,-9.5,PCell,1750,4,0,375,-113.5,-20.25,147,-119.375,-22.375,111,-113.5,-20.8125,103,-117.375,-24.0625
2023-04-25 14:04:46.633913,LTE_PHY_Connected_Mode_Intra_Freq_Meas,155,-102.3125,-10.75,2_SCell,525,1,0,375,-115.125,-21.0
2023-04-25 14:04:46.633963,LTE_PHY_Connected_Mode_Intra_Freq_Meas,155,-99.3125,-10.3125,1_SCell,3050,1,0,345,-112.4375,-21.375
2023-04-25 14:04:46.645738,LTE_PHY_Connected_Mode_Intra_Freq_Meas,155,-95.1875,-9.4375,(MI)Unknown,3400,0,0
2023-04-25 14:04:47.593894,LTE_PHY_Connected_Mode_Intra_Freq_Meas,155,-98.8125,-11.4375,1_SCell,3050,1,0,345,-106.375,-19.9375
2023-04-25 14:04:47.605711,LTE_PHY_Connected_Mode_Intra_Freq_Meas,155,-102.875,-10.8125,2_SCell,525,1,0,375,-113.625,-21.0
2023-04-25 14:04:47.617822,LTE_PHY_Connected_Mode_Intra_Freq_Meas,155,-95.3125,-11.25,(MI)Unknown,3400,0,0
2023-04-25 14:04:47.910723,LTE_PHY_Connected_Mode_Intra_Freq_Meas,155,-99.4375,-9.5,PCell,1750,3,0,375,-109.3125,-16.9375,111,-116.9375,-23.375,147,-115.25,-22.25
2023-04-25 14:04:47.913888,LTE_PHY_Connected_Mode_Intra_Freq_Meas,155,-103.0625,-10.8125,2_SCell,525,1,0,375,-112.0625,-19.75
2023-04-25 14:04:47.913940,LTE_PHY_Connected_Mode_Intra_Freq_Meas,155,-98.875,-10.5,1_SCell,3050,1,0,345,-115.375,-21.75
2023-04-25 14:04:47.934652,LTE_PHY_Connected_Mode_Intra_Freq_Meas,155,-99.4375,-9.5,PCell,1750,3,0,375,-109.5625,-17.0625,147,-115.0625,-22.25,111,-116.125,-23.3125
2023-04-25 14:04:47.937812,LTE_PHY_Connected_Mode_Intra_Freq_Meas,155,-94.8125,-10.625,(MI)Unknown,3400,0,0
2023-04-25 14:04:48.873891,LTE_PHY_Connected_Mode_Intra_Freq_Meas,155,-98.5,-9.6875,1_SCell,3050,1,0,345,-108.0,-20.8125
2023-04-25 14:04:48.885711,LTE_PHY_Connected_Mode_Intra_Freq_Meas,155,-103.75,-10.6875,2_SCell,525,1,0,375,-112.8125,-19.6875
2023-04-25 14:04:48.897822,LTE_PHY_Connected_Mode_Intra_Freq_Meas,155,-95.3125,-11.4375,(MI)Unknown,3400,0,0
2023-04-25 14:04:49.190714,LTE_PHY_Connected_Mode_Intra_Freq_Meas,155,-99.625,-9.75,PCell,1750,3,0,375,-110.375,-18.1875,147,-110.9375,-19.5625,111,-116.125,-24.0
2023-04-25 14:04:49.193878,LTE_PHY_Connected_Mode_Intra_Freq_Meas,155,-98.9375,-9.3125,1_SCell,3050,1,0,345,-112.6875,-21.4375
2023-04-25 14:04:49.833889,LTE_PHY_Connected_Mode_Intra_Freq_Meas,155,-102.9375,-11.0625,2_SCell,525,1,0,375,-111.0625,-19.4375
2023-04-25 14:04:49.845708,LTE_PHY_Connected_Mode_Intra_Freq_Meas,155,-95.25,-11.75,(MI)Unknown,3400,0,0
2023-04-25 14:04:50.153899,LTE_PHY_Connected_Mode_Intra_Freq_Meas,155,-98.0625,-8.4375,1_SCell,3050,1,0,345,-115.3125,-24.3125
2023-04-25 14:04:50.471773,LTE_PHY_Connected_Mode_Intra_Freq_Meas,155,-99.4375,-9.0625,PCell,1750,3,0,375,-108.625,-17.0625,147,-114.875,-20.625,111,-113.0,-21.6875
2023-04-25 14:04:50.473916,LTE_PHY_Connected_Mode_Intra_Freq_Meas,155,-102.375,-9.3125,2_SCell,525,1,0,375,-120.1875,-19.875
2023-04-25 14:04:50.473957,LTE_PHY_Connected_Mode_Intra_Freq_Meas,155,-98.125,-8.25,1_SCell,3050,1,0,345,-115.875,-24.5
2023-04-25 14:04:50.485739,LTE_PHY_Connected_Mode_Intra_Freq_Meas,155,-95.3125,-10.5,(MI)Unknown,3400,0,0
2023-04-25 14:04:51.433889,LTE_PHY_Connected_Mode_Intra_Freq_Meas,155,-97.5,-8.125,1_SCell,3050,1,0,345,-114.625,-24.6875
2023-04-25 14:04:51.445716,LTE_PHY_Connected_Mode_Intra_Freq_Meas,155,-102.8125,-10.8125,2_SCell,525,1,0,375,-114.3125,-22.0625
2023-04-25 14:04:51.457820,LTE_PHY_Connected_Mode_Intra_Freq_Meas,155,-95.25,-10.375,(MI)Unknown,3400,0,0
2023-04-25 14:04:51.750725,LTE_PHY_Connected_Mode_Intra_Freq_Meas,155,-100.0,-9.6875,PCell,1750,3,0,375,-108.0,-16.4375,111,-111.75,-20.3125,147,-113.6875,-21.75
2023-04-25 14:04:51.753917,LTE_PHY_Connected_Mode_Intra_Freq_Meas,155,-98.125,-8.125,1_SCell,3050,1,0,345,-113.125,-23.875
2023-04-25 14:04:55.555822,LTE_PHY_Connected_Mode_Intra_Freq_Meas,155,-30.0,0.0,1_SCell,3050,0,0
2023-04-25 14:04:55.555828,LTE_PHY_Connected_Mode_Intra_Freq_Meas,155,-30.0,0.0,2_SCell,525,0,0
2023-04-25 14:04:55.555831,LTE_PHY_Connected_Mode_Intra_Freq_Meas,155,-30.0,0.0,(MI)Unknown,3400,0,0
2023-04-25 14:04:55.565920,LTE_PHY_Connected_Mode_Intra_Freq_Meas,155,-98.1875,-10.625,PCell,1750,3,0,375,-111.25,-13.5625,147,-115.75,-20.5625,111,-118.125,-21.9375
2023-04-25 14:04:55.635804,LTE_PHY_Connected_Mode_Intra_Freq_Meas,155,-99.3125,-7.1875,1_SCell,3050,0,0
2023-04-25 14:04:55.635820,LTE_PHY_Connected_Mode_Intra_Freq_Meas,155,-97.5,-6.6875,(MI)Unknown,3400,0,0
2023-04-25 14:04:55.644645,LTE_PHY_Connected_Mode_Intra_Freq_Meas,155,-101.5625,-6.75,2_SCell,525,1,1,345,-117.8125,-22.1875
2023-04-25 14:04:55.675835,LTE_PHY_Connected_Mode_Intra_Freq_Meas,155,-99.3125,-7.1875,1_SCell,3050,0,0
2023-04-25 14:04:55.675843,LTE_PHY_Connected_Mode_Intra_Freq_Meas,155,-97.5625,-6.6875,(MI)Unknown,3400,0,0
2023-04-25 14:04:55.752843,LTE_PHY_Connected_Mode_Intra_Freq_Meas,155,-101.6875,-10.3125,PCell,1750,3,0,375,-111.625,-14.9375,147,-109.6875,-19.875,111,-113.75,-21.875
2023-04-25 14:04:55.755044,LTE_PHY_Connected_Mode_Intra_Freq_Meas,155,-99.0,-7.3125,1_SCell,3050,0,0
2023-04-25 14:04:55.782922,LTE_PHY_Connected_Mode_Intra_Freq_Meas,155,-97.5625,-6.75,(MI)Unknown,3400,0,0
2023-04-25 14:04:55.791761,LTE_PHY_Connected_Mode_Intra_Freq_Meas,155,-101.625,-6.8125,2_SCell,525,1,0,345,-122.0,-22.5
2023-04-25 14:04:55.822884,LTE_PHY_Connected_Mode_Intra_Freq_Meas,155,-97.5625,-6.75,(MI)Unknown,3400,0,0
2023-04-25 14:04:55.862972,LTE_PHY_Connected_Mode_Intra_Freq_Meas,155,-95.1875,-6.6875,(MI)Unknown,3400,0,0
2023-04-25 14:04:55.902970,LTE_PHY_Connected_Mode_Intra_Freq_Meas,155,-94.9375,-6.8125,(MI)Unknown,3400,0,0
2023-04-25 14:04:55.942897,LTE_PHY_Connected_Mode_Intra_Freq_Meas,155,-94.8125,-6.875,(MI)Unknown,3400,0,0
2023-04-25 14:04:55.951777,LTE_PHY_Connected_Mode_Intra_Freq_Meas,155,-100.875,-10.125,PCell,1750,3,0,147,-111.6875,-20.0625,375,-110.3125,-15.625,111,-112.1875,-20.875
2023-04-25 14:04:55.951842,LTE_PHY_Connected_Mode_Intra_Freq_Meas,155,-96.6875,-7.5,1_SCell,3050,1,0,345,-120.125,-27.5625
2023-04-25 14:04:55.951870,LTE_PHY_Connected_Mode_Intra_Freq_Meas,155,-101.4375,-6.8125,2_SCell,525,1,0,345,-124.1875,-22.8125
2023-04-25 14:04:55.982899,LTE_PHY_Connected_Mode_Intra_Freq_Meas,155,-94.6875,-6.9375,(MI)Unknown,3400,0,0
2023-04-25 14:04:56.022893,LTE_PHY_Connected_Mode_Intra_Freq_Meas,155,-94.5625,-7.0625,(MI)Unknown,3400,0,0
2023-04-25 14:04:56.062914,LTE_PHY_Connected_Mode_Intra_Freq_Meas,155,-94.4375,-7.0625,(MI)Unknown,3400,0,0
2023-04-25 14:04:56.082831,LTE_PHY_Connected_Mode_Intra_Freq_Meas,155,-94.4375,-7.125,(MI)Unknown,3400,0,0
2023-04-25 14:04:56.085223,LTE_PHY_Connected_Mode_Intra_Freq_Meas,155,-94.375,-7.125,(MI)Unknown,3400,0,0
2023-04-25 14:04:56.166610,LTE_PHY_Connected_Mode_Intra_Freq_Meas,155,-94.375,-7.125,(MI)Unknown,3400,0,0
2023-04-25 14:04:56.166716,LTE_PHY_Connected_Mode_Intra_Freq_Meas,155,-94.375,-7.125,(MI)Unknown,3400,0,0
2023-04-25 14:04:56.483950,LTE_PHY_Connected_Mode_Intra_Freq_Meas,155,-94.375,-7.125,(MI)Unknown,3400,0,0
2023-04-25 14:04:56.484106,LTE_PHY_Connected_Mode_Intra_Freq_Meas,155,-94.375,-7.125,(MI)Unknown,3400,0,0
2023-04-25 14:04:56.803972,LTE_PHY_Connected_Mode_Intra_Freq_Meas,155,-94.375,-7.125,(MI)Unknown,3400,0,0
2023-04-25 14:04:56.806397,LTE_PHY_Connected_Mode_Intra_Freq_Meas,155,-93.75,-7.5,(MI)Unknown,3400,0,0
2023-04-25 14:04:56.826406,LTE_PHY_Connected_Mode_Intra_Freq_Meas,155,-100.5,-9.0,PCell,1750,2,0,375,-108.1875,-15.4375,111,-113.6875,-20.875
2023-04-25 14:04:56.826460,LTE_PHY_Connected_Mode_Intra_Freq_Meas,155,-94.8125,-7.3125,1_SCell,3050,1,0,345,-110.8125,-24.5
2023-04-25 14:04:56.827818,LTE_PHY_Connected_Mode_Intra_Freq_Meas,155,-102.375,-10.125,2_SCell,525,1,0,345,-111.5,-20.0625
2023-04-25 14:04:56.866771,LTE_PHY_Connected_Mode_Intra_Freq_Meas,155,-94.0625,-7.625,(MI)Unknown,3400,0,0
2023-04-25 14:04:57.476774,LTE_PHY_Connected_Mode_Intra_Freq_Meas,155,-100.1875,-8.0625,PCell,1750,2,0,375,-111.3125,-16.625,111,-117.875,-22.8125
2023-04-25 14:04:57.478879,LTE_PHY_Connected_Mode_Intra_Freq_Meas,155,-95.4375,-6.9375,1_SCell,3050,1,0,345,-113.8125,-23.8125
2023-04-25 14:04:57.519648,LTE_PHY_Connected_Mode_Intra_Freq_Meas,155,-106.25,-10.6875,2_SCell,525,1,0,345,-118.4375,-21.875
2023-04-25 14:04:57.574667,LTE_PHY_Connected_Mode_Intra_Freq_Meas,155,-106.3125,-10.75,2_SCell,525,1,0,345,-118.125,-21.6875
2023-04-25 14:04:57.586793,LTE_PHY_Connected_Mode_Intra_Freq_Meas,155,-94.75,-8.375,(MI)Unknown,3400,0,0
2023-04-25 14:04:57.775710,LTE_PHY_Connected_Mode_Intra_Freq_Meas,155,-105.9375,-10.8125,2_SCell,525,2,0,375,-113.875,-19.125,345,-113.875,-20.4375
2023-04-25 14:04:58.415703,LTE_PHY_Connected_Mode_Intra_Freq_Meas,155,-98.3125,-9.5,1_SCell,3050,1,0,345,-112.5625,-22.875
2023-04-25 14:04:58.732920,LTE_PHY_Connected_Mode_Intra_Freq_Meas,155,-100.6875,-9.6875,PCell,1750,2,0,375,-113.1875,-18.3125,111,-114.3125,-20.375
2023-04-25 14:04:58.735692,LTE_PHY_Connected_Mode_Intra_Freq_Meas,155,-101.625,-10.8125,2_SCell,525,2,0,345,-113.125,-21.75,375,-111.9375,-20.25
2023-04-25 14:04:58.736782,LTE_PHY_Connected_Mode_Intra_Freq_Meas,155,-98.125,-9.3125,1_SCell,3050,1,0,345,-109.0625,-22.375
2023-04-25 14:04:58.748889,LTE_PHY_Connected_Mode_Intra_Freq_Meas,155,-95.5625,-9.375,(MI)Unknown,3400,0,0
2023-04-25 14:04:59.396773,LTE_PHY_Connected_Mode_Intra_Freq_Meas,155,-100.375,-10.0625,PCell,1750,2,0,375,-112.8125,-19.0,111,-111.0,-19.5625
2023-04-25 14:04:59.398881,LTE_PHY_Connected_Mode_Intra_Freq_Meas,155,-97.625,-8.875,1_SCell,3050,1,0,345,-110.3125,-21.9375
2023-04-25 14:04:59.438891,LTE_PHY_Connected_Mode_Intra_Freq_Meas,155,-105.25,-11.0,2_SCell,525,2,0,375,-114.375,-19.0,345,-115.9375,-21.8125
2023-04-25 14:04:59.493882,LTE_PHY_Connected_Mode_Intra_Freq_Meas,155,-95.4375,-10.625,(MI)Unknown,3400,0,0
2023-04-25 14:05:00.335701,LTE_PHY_Connected_Mode_Intra_Freq_Meas,155,-99.5625,-9.6875,1_SCell,3050,1,0,345,-110.4375,-21.8125
2023-04-25 14:05:00.652833,LTE_PHY_Connected_Mode_Intra_Freq_Meas,155,-100.25,-10.125,PCell,1750,3,0,147,-111.6875,-19.0625,111,-115.9375,-21.4375,375,-116.0625,-21.4375
2023-04-25 14:05:00.655727,LTE_PHY_Connected_Mode_Intra_Freq_Meas,155,-103.375,-10.125,2_SCell,525,2,0,375,-117.375,-21.375,345,-115.5625,-22.0625
2023-04-25 14:05:00.655772,LTE_PHY_Connected_Mode_Intra_Freq_Meas,155,-99.4375,-10.0625,1_SCell,3050,1,0,345,-109.9375,-21.75
2023-04-25 14:05:00.667827,LTE_PHY_Connected_Mode_Intra_Freq_Meas,155,-97.1875,-12.1875,(MI)Unknown,3400,0,0
