time,type_id,PCI,UL_DL,Freq,DL frequency,UL frequency,Cell Identity,TAC,Band ID,MCC,MNC,lte-measurementReport,nr-measurementReport,measId,MeasResultEUTRA,physCellId,MeasResultServFreqNR-r15,pci-r15,MeasResultNR,physCellId,measResultServingCell,physCellId,MeasResultCellNR-r15,pci-r15,lte-MeasObjectToAddMod,nr-MeasObjectToAddMod,measObjectId,measObject,carrierFreq,carrierFreq-r15,ssbFrequency,lte-ReportConfigToAddMod,lte-reportConfigId,triggerType,lte-eventId,lte-parameter,nr-ReportConfigToAddMod,nr-reportConfigId,reportType,nr-eventId,nr-parameter,lte-measIdToRemoveList,lte-MeasIdToAddMod,nr-MeasIdToAddMod,rrcConnectionReconfiguration,rrcConnectionReconfigurationComplete,RRCReconfiguration,RRCReconfigurationComplete,rrcConnectionReestablishmentRequest,physCellId,reestablishmentCause,rrcConnectionReestablishment,rrcConnectionReestablishmentComplete,rrcConnectionReestablishmentReject,rrcConnectionRequest,rrcConnectionSetup,rrcConnectionSetupComplete,securityModeCommand,securityModeComplete,rrcConnectionRelease,systemInformationBlockType1,nr-Config-r15: release (0),nr-Config-r15: setup (1),dualConnectivityPHR: release (0),dualConnectivityPHR: setup (1),scgFailureInformationNR-r15,failureType-r15,lte_targetPhysCellId,dl-CarrierFreq,lte-rrc.t304,nr_physCellId,nr-rrc.t304,sCellToReleaseList-r10,SCellIndex-r10,SCellToAddMod-r10,SCellIndex-r10,physCellId-r10,dl-CarrierFreq-r10
2023-04-25 18:17:23.943364,LTE_RRC_OTA_Packet,155,-,1750,,,,,,,,0,0,0,0,0,0,0,0,0,0,0,0,0,0,0,0,0,0,0,0,0,0,0,0,0,0,0,0,0,0,0,0,0,0,0,0,0,0,0,0,0,0,0,0,0,0,0,0,0,0,0,0,0,0,0,0,0,0,0,0,0,0,0,0,0,0,0
2023-04-25 18:17:26.816844,LTE_RRC_OTA_Packet,155,DL,1750,,,,,,,,0,0,0,0,0,0,0,0,0,0,0,0,0,0,0,0,0,0,0,0,0,0,0,0,0,0,0,0,0,0,0,0,0,0,0,0,0,0,0,0,0,0,0,0,0,0,0,0,1,0,0,0,0,0,0,0,0,0,0,0,0,0,0,0,0,0,0
2023-04-25 18:17:26.901335,LTE_RRC_Serv_Cell_Info,155,,,1750,19750,54652951,11200,3,466,92
2023-04-25 18:17:30.475144,LTE_RRC_OTA_Packet,155,-,1750,,,,,,,,0,0,0,0,0,0,0,0,0,0,0,0,0,0,0,0,0,0,0,0,0,0,0,0,0,0,0,0,0,0,0,0,0,0,0,0,0,0,0,0,0,0,0,1,0,0,0,0,0,0,0,0,0,0,0,0,0,0,0,0,0,0,0,0,0,0,0
2023-04-25 18:17:30.542890,LTE_RRC_OTA_Packet,155,-,1750,,,,,,,,0,0,0,0,0,0,0,0,0,0,0,0,0,0,0,0,0,0,0,0,0,0,0,0,0,0,0,0,0,0,0,0,0,0,0,0,0,0,0,0,0,0,0,0,1,0,0,0,0,0,0,0,0,0,0,0,0,0,0,0,0,0,0,0,0,0,0
2023-04-25 18:17:30.546673,LTE_RRC_OTA_Packet,155,UL,1750,,,,,,,,0,0,0,0,0,0,0,0,0,0,0,0,0,0,0,0,0,0,0,0,0,0,0,0,0,0,0,0,0,0,0,0,0,0,0,0,0,0,0,0,0,0,0,0,0,1,0,0,0,0,0,0,0,0,0,0,0,0,0,0,0,0,0,0,0,0,0
2023-04-25 18:17:30.576735,LTE_RRC_OTA_Packet,155,DL,1750,,,,,,,,0,0,0,0,0,0,0,0,0,0,0,0,0,0,0,0,0,0,0,0,0,0,0,0,0,0,0,0,0,0,0,0,0,0,0,0,0,0,0,0,0,0,0,0,0,0,1,0,0,0,0,0,0,0,0,0,0,0,0,0,0,0,0,0,0,0,0
2023-04-25 18:17:30.577065,LTE_RRC_OTA_Packet,155,UL,1750,,,,,,,,0,0,0,0,0,0,0,0,0,0,0,0,0,0,0,0,0,0,0,0,0,0,0,0,0,0,0,0,0,0,0,0,0,0,0,0,0,0,0,0,0,0,0,0,0,0,0,1,0,0,0,0,0,0,0,0,0,0,0,0,0,0,0,0,0,0,0
2023-04-25 18:17:30.584048,LTE_RRC_OTA_Packet,155,DL,1750,,,,,,,,0,0,0,0,0,0,0,0,0,0,0,0,0,1,0,1@2@3@4@5,measObjectEUTRA (0)@measObjectNR-r15 (5)@measObjectEUTRA (0)@measObjectEUTRA (0)@measObjectEUTRA (0),1750@3050@525@3400,631000,0,1,1@2@3@4@5,event (0)@event (0)@event (0)@event (0)@event (0),eventA3 (2)@eventA2 (1)@eventB1-NR-r15 (5)@eventA2 (1)@eventA1 (0),{'off': '2dB'& 'hys': '1dB'& 'ttt': 'ms160'}@{'thr': '-114dBm'& 'hys': '2dB'& 'ttt': 'ms1280'}@{'thr': '[-111dBm& -110dBm)'& 'hys': '0dB'& 'ttt': 'ms100'}@{'thr': '-140dBm'& 'hys': '1dB'& 'ttt': 'ms5120'}@{'thr': '-140dBm'& 'hys': '1dB'& 'ttt': 'ms40'},0,0,0,0,0,0,(1&1&1)@(2&1&2)@(3&2&3)@(4&3&4)@(5&3&5)@(6&4&4)@(7&4&5)@(8&5&4)@(9&5&5),0,1,0,0,0,0,0,0,0,0,0,0,0,0,0,0,0,0,0,0,0,0,0,0,0,0,0,0,0,0,0,1,1@2@3,155@155@155,3050@525@3400
2023-04-25 18:17:30.600511,LTE_RRC_OTA_Packet,155,UL,1750,,,,,,,,0,0,0,0,0,0,0,0,0,0,0,0,0,0,0,0,0,0,0,0,0,0,0,0,0,0,0,0,0,0,0,0,0,0,1,0,0,0,0,0,0,0,0,0,0,0,0,0,0,0,0,0,0,0,0,0,0,0,0,0,0,0,0,0,0,0,0
2023-04-25 18:17:30.719662,LTE_RRC_OTA_Packet,155,UL,1750,,,,,,,,1,0,3,0,0,0,0,0,0,0,0,1,155,0,0,0,0,0,0,0,0,0,0,0,0,0,0,0,0,0,0,0,0,0,0,0,0,0,0,0,0,0,0,0,0,0,0,0,0,0,0,0,0,0,0,0,0,0,0,0,0,0,0,0,0,0,0
2023-04-25 18:17:30.777632,LTE_RRC_OTA_Packet,155,UL,1750,,,,,,,,1,0,5,0,0,0,0,0,0,0,0,0,0,0,0,0,0,0,0,0,0,0,0,0,0,0,0,0,0,0,0,0,0,0,0,0,0,0,0,0,0,0,0,0,0,0,0,0,0,0,0,0,0,0,0,0,0,0,0,0,0,0,0,0,0,0,0
2023-04-25 18:17:30.777695,LTE_RRC_OTA_Packet,155,UL,1750,,,,,,,,1,0,7,0,0,0,0,0,0,0,0,0,0,0,0,0,0,0,0,0,0,0,0,0,0,0,0,0,0,0,0,0,0,0,0,0,0,0,0,0,0,0,0,0,0,0,0,0,0,0,0,0,0,0,0,0,0,0,0,0,0,0,0,0,0,0,0
2023-04-25 18:17:30.777754,LTE_RRC_OTA_Packet,155,UL,1750,,,,,,,,1,0,9,0,0,0,0,0,0,0,0,0,0,0,0,0,0,0,0,0,0,0,0,0,0,0,0,0,0,0,0,0,0,0,0,0,0,0,0,0,0,0,0,0,0,0,0,0,0,0,0,0,0,0,0,0,0,0,0,0,0,0,0,0,0,0,0
2023-04-25 18:17:30.781891,5G_NR_RRC_OTA_Packet,0,-,0,,,,,,,,0,0,0,0,0,0,0,0,0,0,0,0,0,0,1,1,measObjectNR (0),0,0,631000,0,0,0,0,0,1,1@2,eventTriggered (1)@eventTriggered (1),eventA2 (1)@eventA3 (2),{'thr': '[-120dBm& -119dBm)'& 'hys': '1dB'& 'ttt': 'ms640'}@{'off': '6 dBm'& 'hys': '1dB'& 'ttt': 'ms640'},0,0,(1&1&1)@(2&1&2),0,0,1,0,0,0,0,0,0,0,0,0,0,0,0,0,0,0,0,0,0,0,0,0,0,0,155,1,0,0,0,0,0,0
2023-04-25 18:17:30.781905,5G_NR_RRC_OTA_Packet,0,-,0,,,,,,,,0,0,0,0,0,0,0,0,0,0,0,0,0,0,0,0,0,0,0,0,0,0,0,0,0,0,0,0,0,0,0,0,0,0,0,0,0,0,0,0,0,0,0,0,0,0,0,0,0,0,0,0,0,0,0,0,0,0,0,0,0,0,0,0,0,0,0
2023-04-25 18:17:31.499673,LTE_RRC_OTA_Packet,155,-,1750,,,,,,,,0,0,0,0,0,0,0,0,0,0,0,0,0,0,0,0,0,0,0,0,0,0,0,0,0,0,0,0,0,0,0,0,0,0,0,0,0,0,0,0,0,0,0,0,0,0,0,0,0,1,0,0,0,0,0,0,0,0,0,0,0,0,0,0,0,0,0
2023-04-25 18:17:32.038830,LTE_RRC_OTA_Packet,155,DL,1750,,,,,,,,0,0,0,0,0,0,0,0,0,0,0,0,0,0,0,0,0,0,0,0,1,6,periodical (1),reportStrongestCells (0),{},0,0,0,0,0,0,(13&1&6),0,1,0,0,0,0,0,0,0,0,0,0,0,0,0,0,0,0,0,0,0,0,0,0,0,0,0,0,0,0,0,0,0,0,0
2023-04-25 18:17:32.039305,LTE_RRC_OTA_Packet,155,UL,1750,,,,,,,,0,0,0,0,0,0,0,0,0,0,0,0,0,0,0,0,0,0,0,0,0,0,0,0,0,0,0,0,0,0,0,0,0,0,1,0,0,0,0,0,0,0,0,0,0,0,0,0,0,0,0,0,0,0,0,0,0,0,0,0,0,0,0,0,0,0,0
2023-04-25 18:17:32.060500,LTE_RRC_OTA_Packet,155,UL,1750,,,,,,,,1,0,13,0,0,0,0,0,0,0,0,0,0,0,0,0,0,0,0,0,0,0,0,0,0,0,0,0,0,0,0,0,0,0,0,0,0,0,0,0,0,0,0,0,0,0,0,0,0,0,0,0,0,0,0,0,0,0,0,0,0,0,0,0,0,0,0
2023-04-25 18:17:32.080633,LTE_RRC_OTA_Packet,155,DL,1750,,,,,,,,0,0,0,0,0,0,0,0,0,0,0,0,0,0,0,0,0,0,0,0,0,0,0,0,0,0,0,0,0,0,0,0,0,1,0,1,0,0,0,0,0,0,0,0,0,0,0,0,0,0,0,1,0,0,0,0,0,0,0,0,0,0,0,0,0,0,0
2023-04-25 18:17:32.081353,5G_NR_RRC_OTA_Packet,155,-,631000,,,,,,,,0,0,0,0,0,0,0,0,0,0,0,0,0,0,0,0,0,0,0,0,0,0,0,0,0,0,0,0,0,0,0,0,0,0,0,1,0,0,0,0,0,0,0,0,0,0,0,0,0,0,0,0,0,0,0,0,0,0,0,0,0,0,0,0,0,0,0
2023-04-25 18:17:32.081361,5G_NR_RRC_OTA_Packet,155,-,631000,,,,,,,,0,0,0,0,0,0,0,0,0,0,0,0,0,0,0,0,0,0,0,0,0,0,0,0,0,0,0,0,0,0,0,0,0,0,0,0,0,0,0,0,0,0,0,0,0,0,0,0,0,0,0,0,0,0,0,0,0,0,0,0,0,0,0,0,0,0,0
2023-04-25 18:17:32.089220,5G_NR_RRC_OTA_Packet,155,UL,631000,,,,,,,,0,0,0,0,0,0,0,0,0,0,0,0,0,0,0,0,0,0,0,0,0,0,0,0,0,0,0,0,0,0,0,0,0,0,0,0,0,0,0,0,0,0,0,0,0,0,0,0,0,0,0,0,0,0,0,0,0,0,0,0,0,0,0,0,0,0,0
2023-04-25 18:17:32.092778,LTE_RRC_OTA_Packet,155,UL,1750,,,,,,,,0,0,0,0,0,0,0,0,0,0,0,0,0,0,0,0,0,0,0,0,0,0,0,0,0,0,0,0,0,0,0,0,0,0,1,0,1,0,0,0,0,0,0,0,0,0,0,0,0,0,0,0,0,0,0,0,0,0,0,0,0,0,0,0,0,0,0
2023-04-25 18:17:36.843402,LTE_RRC_OTA_Packet,155,-,1750,,,,,,,,0,0,0,0,0,0,0,0,0,0,0,0,0,0,0,0,0,0,0,0,0,0,0,0,0,0,0,0,0,0,0,0,0,0,0,0,0,0,0,0,0,0,0,0,0,0,0,0,0,0,0,0,0,0,0,0,0,0,0,0,0,0,0,0,0,0,0
2023-04-25 18:17:46.758802,LTE_RRC_OTA_Packet,155,DL,1750,,,,,,,,0,0,0,0,0,0,0,0,0,0,0,0,0,0,0,0,0,0,0,0,0,0,0,0,0,0,0,0,0,0,0,0,0,0,0,0,0,0,0,0,0,0,0,0,0,0,0,0,1,0,0,0,0,0,0,0,0,0,0,0,0,0,0,0,0,0,0
2023-04-25 18:17:46.846358,LTE_RRC_Serv_Cell_Info,155,,,1750,19750,54652951,11200,3,466,92
2023-04-25 18:17:52.019594,LTE_RRC_OTA_Packet,155,-,1750,,,,,,,,0,0,0,0,0,0,0,0,0,0,0,0,0,0,0,0,0,0,0,0,0,0,0,0,0,0,0,0,0,0,0,0,0,0,0,0,0,0,0,0,0,0,0,1,0,0,0,0,0,0,0,0,0,0,0,0,0,0,0,0,0,0,0,0,0,0,0
2023-04-25 18:17:52.082913,LTE_RRC_OTA_Packet,155,-,1750,,,,,,,,0,0,0,0,0,0,0,0,0,0,0,0,0,0,0,0,0,0,0,0,0,0,0,0,0,0,0,0,0,0,0,0,0,0,0,0,0,0,0,0,0,0,0,0,1,0,0,0,0,0,0,0,0,0,0,0,0,0,0,0,0,0,0,0,0,0,0
2023-04-25 18:17:52.086666,LTE_RRC_OTA_Packet,155,UL,1750,,,,,,,,0,0,0,0,0,0,0,0,0,0,0,0,0,0,0,0,0,0,0,0,0,0,0,0,0,0,0,0,0,0,0,0,0,0,0,0,0,0,0,0,0,0,0,0,0,1,0,0,0,0,0,0,0,0,0,0,0,0,0,0,0,0,0,0,0,0,0
2023-04-25 18:17:52.119679,LTE_RRC_OTA_Packet,155,DL,1750,,,,,,,,0,0,0,0,0,0,0,0,0,0,0,0,0,0,0,0,0,0,0,0,0,0,0,0,0,0,0,0,0,0,0,0,0,0,0,0,0,0,0,0,0,0,0,0,0,0,1,0,0,0,0,0,0,0,0,0,0,0,0,0,0,0,0,0,0,0,0
2023-04-25 18:17:52.120913,LTE_RRC_OTA_Packet,155,UL,1750,,,,,,,,0,0,0,0,0,0,0,0,0,0,0,0,0,0,0,0,0,0,0,0,0,0,0,0,0,0,0,0,0,0,0,0,0,0,0,0,0,0,0,0,0,0,0,0,0,0,0,1,0,0,0,0,0,0,0,0,0,0,0,0,0,0,0,0,0,0,0
2023-04-25 18:17:52.126948,LTE_RRC_OTA_Packet,155,DL,1750,,,,,,,,0,0,0,0,0,0,0,0,0,0,0,0,0,1,0,1@2@3@4@5,measObjectEUTRA (0)@measObjectNR-r15 (5)@measObjectEUTRA (0)@measObjectEUTRA (0)@measObjectEUTRA (0),1750@3050@525@3400,631000,0,1,1@2@3@4@5,event (0)@event (0)@event (0)@event (0)@event (0),eventA3 (2)@eventA2 (1)@eventB1-NR-r15 (5)@eventA2 (1)@eventA1 (0),{'off': '2dB'& 'hys': '1dB'& 'ttt': 'ms160'}@{'thr': '-114dBm'& 'hys': '2dB'& 'ttt': 'ms1280'}@{'thr': '[-111dBm& -110dBm)'& 'hys': '0dB'& 'ttt': 'ms100'}@{'thr': '-140dBm'& 'hys': '1dB'& 'ttt': 'ms5120'}@{'thr': '-140dBm'& 'hys': '1dB'& 'ttt': 'ms40'},0,0,0,0,0,0,(1&1&1)@(2&1&2)@(3&2&3)@(4&3&4)@(5&3&5)@(6&4&4)@(7&4&5)@(8&5&4)@(9&5&5),0,1,0,0,0,0,0,0,0,0,0,0,0,0,0,0,0,0,0,0,0,0,0,0,0,0,0,0,0,0,0,1,1@2@3,155@155@155,3050@525@3400
2023-04-25 18:17:52.142019,LTE_RRC_OTA_Packet,155,UL,1750,,,,,,,,0,0,0,0,0,0,0,0,0,0,0,0,0,0,0,0,0,0,0,0,0,0,0,0,0,0,0,0,0,0,0,0,0,0,1,0,0,0,0,0,0,0,0,0,0,0,0,0,0,0,0,0,0,0,0,0,0,0,0,0,0,0,0,0,0,0,0
2023-04-25 18:17:52.277692,LTE_RRC_OTA_Packet,155,UL,1750,,,,,,,,1,0,3,0,0,0,0,0,0,0,0,1,155,0,0,0,0,0,0,0,0,0,0,0,0,0,0,0,0,0,0,0,0,0,0,0,0,0,0,0,0,0,0,0,0,0,0,0,0,0,0,0,0,0,0,0,0,0,0,0,0,0,0,0,0,0,0
2023-04-25 18:17:52.317628,LTE_RRC_OTA_Packet,155,UL,1750,,,,,,,,1,0,5,0,0,0,0,0,0,0,0,0,0,0,0,0,0,0,0,0,0,0,0,0,0,0,0,0,0,0,0,0,0,0,0,0,0,0,0,0,0,0,0,0,0,0,0,0,0,0,0,0,0,0,0,0,0,0,0,0,0,0,0,0,0,0,0
2023-04-25 18:17:52.317687,LTE_RRC_OTA_Packet,155,UL,1750,,,,,,,,1,0,7,0,0,0,0,0,0,0,0,0,0,0,0,0,0,0,0,0,0,0,0,0,0,0,0,0,0,0,0,0,0,0,0,0,0,0,0,0,0,0,0,0,0,0,0,0,0,0,0,0,0,0,0,0,0,0,0,0,0,0,0,0,0,0,0
2023-04-25 18:17:52.317790,LTE_RRC_OTA_Packet,155,UL,1750,,,,,,,,1,0,9,0,0,0,0,0,0,0,0,0,0,0,0,0,0,0,0,0,0,0,0,0,0,0,0,0,0,0,0,0,0,0,0,0,0,0,0,0,0,0,0,0,0,0,0,0,0,0,0,0,0,0,0,0,0,0,0,0,0,0,0,0,0,0,0
2023-04-25 18:17:52.320649,5G_NR_RRC_OTA_Packet,0,-,0,,,,,,,,0,0,0,0,0,0,0,0,0,0,0,0,0,0,1,1,measObjectNR (0),0,0,631000,0,0,0,0,0,1,1@2,eventTriggered (1)@eventTriggered (1),eventA2 (1)@eventA3 (2),{'thr': '[-120dBm& -119dBm)'& 'hys': '1dB'& 'ttt': 'ms640'}@{'off': '6 dBm'& 'hys': '1dB'& 'ttt': 'ms640'},0,0,(1&1&1)@(2&1&2),0,0,1,0,0,0,0,0,0,0,0,0,0,0,0,0,0,0,0,0,0,0,0,0,0,0,155,1,0,0,0,0,0,0
2023-04-25 18:17:52.320666,5G_NR_RRC_OTA_Packet,0,-,0,,,,,,,,0,0,0,0,0,0,0,0,0,0,0,0,0,0,0,0,0,0,0,0,0,0,0,0,0,0,0,0,0,0,0,0,0,0,0,0,0,0,0,0,0,0,0,0,0,0,0,0,0,0,0,0,0,0,0,0,0,0,0,0,0,0,0,0,0,0,0
2023-04-25 18:17:52.327049,LTE_RRC_OTA_Packet,155,DL,1750,,,,,,,,0,0,0,0,0,0,0,0,0,0,0,0,0,1,1,3@4@5@1@1,measObjectEUTRA (0)@measObjectEUTRA (0)@measObjectEUTRA (0)@measObjectEUTRA (0)@measObjectNR (0),3050@525@3400@1750,0,631000,1,1@2@4,event (0)@event (0)@event (0),eventA3 (2)@eventA2 (1)@eventA2 (1),{'off': '2dB'& 'hys': '1dB'& 'ttt': 'ms160'}@{'thr': '-114dBm'& 'hys': '2dB'& 'ttt': 'ms1280'}@{'thr': '-140dBm'& 'hys': '1dB'& 'ttt': 'ms5120'},1,1@2,eventTriggered (1)@eventTriggered (1),eventA2 (1)@eventA3 (2),{'thr': '[-120dBm& -119dBm)'& 'hys': '1dB'& 'ttt': 'ms640'}@{'off': '6 dBm'& 'hys': '1dB'& 'ttt': 'ms640'},3@4@5@6@7@8@9,(10&3&4)@(11&4&4)@(12&5&4)@(1&1&1)@(2&1&2),(1&1&1)@(2&1&2),1,0,1,0,0,0,0,0,0,0,0,0,0,0,0,0,0,0,1,0,1,0,0,155,1750,1,155,1,0,0,1,1@2@3,155@155@155,3050@525@3400
2023-04-25 18:17:52.348200,5G_NR_RRC_OTA_Packet,155,UL,631000,,,,,,,,0,0,0,0,0,0,0,0,0,0,0,0,0,0,0,0,0,0,0,0,0,0,0,0,0,0,0,0,0,0,0,0,0,0,0,0,0,0,0,0,0,0,0,0,0,0,0,0,0,0,0,0,0,0,0,0,0,0,0,0,0,0,0,0,0,0,0
2023-04-25 18:17:52.348409,LTE_RRC_OTA_Packet,155,UL,1750,,,,,,,,0,0,0,0,0,0,0,0,0,0,0,0,0,0,0,0,0,0,0,0,0,0,0,0,0,0,0,0,0,0,0,0,0,0,1,0,1,0,0,0,0,0,0,0,0,0,0,0,0,0,0,0,0,0,0,0,0,0,0,0,0,0,0,0,0,0,0
2023-04-25 18:17:52.399618,LTE_RRC_OTA_Packet,155,-,1750,,,,,,,,0,0,0,0,0,0,0,0,0,0,0,0,0,0,0,0,0,0,0,0,0,0,0,0,0,0,0,0,0,0,0,0,0,0,0,0,0,0,0,0,0,0,0,0,0,0,0,0,0,1,0,0,0,0,0,0,0,0,0,0,0,0,0,0,0,0,0
2023-04-25 18:17:52.399642,LTE_RRC_OTA_Packet,155,-,1750,,,,,,,,0,0,0,0,0,0,0,0,0,0,0,0,0,0,0,0,0,0,0,0,0,0,0,0,0,0,0,0,0,0,0,0,0,0,0,0,0,0,0,0,0,0,0,0,0,0,0,0,0,0,0,0,0,0,0,0,0,0,0,0,0,0,0,0,0,0,0
2023-04-25 18:17:52.399643,LTE_RRC_OTA_Packet,155,-,1750,,,,,,,,0,0,0,0,0,0,0,0,0,0,0,0,0,0,0,0,0,0,0,0,0,0,0,0,0,0,0,0,0,0,0,0,0,0,0,0,0,0,0,0,0,0,0,0,0,0,0,0,0,0,0,0,0,0,0,0,0,1,0,0,0,0,0,0,0,0,0
2023-04-25 18:17:52.399644,LTE_RRC_OTA_Packet,155,-,1750,,,,,,,,0,0,0,0,0,0,0,0,0,0,0,0,0,0,0,0,0,0,0,0,0,0,0,0,0,0,0,0,0,0,0,0,0,0,0,0,0,0,0,0,0,0,0,0,0,0,0,0,0,0,0,0,0,0,0,0,0,0,0,0,0,0,0,0,0,0,0
2023-04-25 18:17:52.399646,LTE_RRC_OTA_Packet,155,-,1750,,,,,,,,0,0,0,0,0,0,0,0,0,0,0,0,0,0,0,0,0,0,0,0,0,0,0,0,0,0,0,0,0,0,0,0,0,0,0,0,0,0,0,0,0,0,0,0,0,0,0,0,0,0,0,0,0,0,0,0,0,0,0,0,0,0,0,0,0,0,0
2023-04-25 18:17:52.400018,LTE_RRC_Serv_Cell_Info,155,,,1750,19750,54652951,11200,3,466,92
2023-04-25 18:17:53.734039,LTE_RRC_OTA_Packet,155,DL,1750,,,,,,,,0,0,0,0,0,0,0,0,0,0,0,0,0,0,0,0,0,0,0,0,1,6,periodical (1),reportStrongestCells (0),{},0,0,0,0,0,0,(13&1&6),0,1,0,0,0,0,0,0,0,0,0,0,0,0,0,0,0,0,0,0,0,0,0,0,0,0,0,0,0,0,0,0,0,0,0
2023-04-25 18:17:53.734621,LTE_RRC_OTA_Packet,155,UL,1750,,,,,,,,0,0,0,0,0,0,0,0,0,0,0,0,0,0,0,0,0,0,0,0,0,0,0,0,0,0,0,0,0,0,0,0,0,0,1,0,0,0,0,0,0,0,0,0,0,0,0,0,0,0,0,0,0,0,0,0,0,0,0,0,0,0,0,0,0,0,0
2023-04-25 18:17:53.755521,LTE_RRC_OTA_Packet,155,UL,1750,,,,,,,,1,0,13,1,103@375,0,0,0,0,0,0,0,0,0,0,0,0,0,0,0,0,0,0,0,0,0,0,0,0,0,0,0,0,0,0,0,0,0,0,0,0,0,0,0,0,0,0,0,0,0,0,0,0,0,0,0,0,0,0,0,0,0,0,0,0,0,0
2023-04-25 18:17:55.333851,LTE_RRC_OTA_Packet,155,DL,1750,,,,,,,,0,0,0,0,0,0,0,0,0,0,0,0,0,0,0,0,0,0,0,0,0,0,0,0,0,0,0,0,0,0,0,0,0,1,0,1,0,0,0,0,0,0,0,0,0,0,0,0,0,0,0,1,0,0,0,0,0,0,0,0,0,0,0,0,0,0,0
2023-04-25 18:17:55.334314,5G_NR_RRC_OTA_Packet,155,-,631000,,,,,,,,0,0,0,0,0,0,0,0,0,0,0,0,0,0,0,0,0,0,0,0,0,0,0,0,0,0,0,0,0,0,0,0,0,0,0,1,0,0,0,0,0,0,0,0,0,0,0,0,0,0,0,0,0,0,0,0,0,0,0,0,0,0,0,0,0,0,0
2023-04-25 18:17:55.334324,5G_NR_RRC_OTA_Packet,155,-,631000,,,,,,,,0,0,0,0,0,0,0,0,0,0,0,0,0,0,0,0,0,0,0,0,0,0,0,0,0,0,0,0,0,0,0,0,0,0,0,0,0,0,0,0,0,0,0,0,0,0,0,0,0,0,0,0,0,0,0,0,0,0,0,0,0,0,0,0,0,0,0
2023-04-25 18:17:55.342111,5G_NR_RRC_OTA_Packet,155,UL,631000,,,,,,,,0,0,0,0,0,0,0,0,0,0,0,0,0,0,0,0,0,0,0,0,0,0,0,0,0,0,0,0,0,0,0,0,0,0,0,0,0,0,0,0,0,0,0,0,0,0,0,0,0,0,0,0,0,0,0,0,0,0,0,0,0,0,0,0,0,0,0
2023-04-25 18:17:55.345210,LTE_RRC_OTA_Packet,155,UL,1750,,,,,,,,0,0,0,0,0,0,0,0,0,0,0,0,0,0,0,0,0,0,0,0,0,0,0,0,0,0,0,0,0,0,0,0,0,0,1,0,1,0,0,0,0,0,0,0,0,0,0,0,0,0,0,0,0,0,0,0,0,0,0,0,0,0,0,0,0,0,0
2023-04-25 18:17:55.973419,LTE_RRC_OTA_Packet,155,-,1750,,,,,,,,0,0,0,0,0,0,0,0,0,0,0,0,0,0,0,0,0,0,0,0,0,0,0,0,0,0,0,0,0,0,0,0,0,0,0,0,0,0,0,0,0,0,0,0,0,0,0,0,0,0,0,0,0,0,0,0,0,0,0,0,0,0,0,0,0,0,0
2023-04-25 18:18:27.013987,LTE_RRC_OTA_Packet,155,DL,1750,,,,,,,,0,0,0,0,0,0,0,0,0,0,0,0,0,0,0,0,0,0,0,0,0,0,0,0,0,0,0,0,0,0,0,0,0,0,0,0,0,0,0,0,0,0,0,0,0,0,0,0,1,0,0,0,0,0,0,0,0,0,0,0,0,0,0,0,0,0,0
2023-04-25 18:18:27.094254,LTE_RRC_Serv_Cell_Info,155,,,1750,19750,54652951,11200,3,466,92
2023-04-25 18:18:27.770215,LTE_RRC_OTA_Packet,155,-,1750,,,,,,,,0,0,0,0,0,0,0,0,0,0,0,0,0,0,0,0,0,0,0,0,0,0,0,0,0,0,0,0,0,0,0,0,0,0,0,0,0,0,0,0,0,0,0,1,0,0,0,0,0,0,0,0,0,0,0,0,0,0,0,0,0,0,0,0,0,0,0
2023-04-25 18:18:27.833991,LTE_RRC_OTA_Packet,155,-,1750,,,,,,,,0,0,0,0,0,0,0,0,0,0,0,0,0,0,0,0,0,0,0,0,0,0,0,0,0,0,0,0,0,0,0,0,0,0,0,0,0,0,0,0,0,0,0,0,1,0,0,0,0,0,0,0,0,0,0,0,0,0,0,0,0,0,0,0,0,0,0
2023-04-25 18:18:27.837660,LTE_RRC_OTA_Packet,155,UL,1750,,,,,,,,0,0,0,0,0,0,0,0,0,0,0,0,0,0,0,0,0,0,0,0,0,0,0,0,0,0,0,0,0,0,0,0,0,0,0,0,0,0,0,0,0,0,0,0,0,1,0,0,0,0,0,0,0,0,0,0,0,0,0,0,0,0,0,0,0,0,0
2023-04-25 18:18:27.871819,LTE_RRC_OTA_Packet,155,DL,1750,,,,,,,,0,0,0,0,0,0,0,0,0,0,0,0,0,0,0,0,0,0,0,0,0,0,0,0,0,0,0,0,0,0,0,0,0,0,0,0,0,0,0,0,0,0,0,0,0,0,1,0,0,0,0,0,0,0,0,0,0,0,0,0,0,0,0,0,0,0,0
2023-04-25 18:18:27.873032,LTE_RRC_OTA_Packet,155,UL,1750,,,,,,,,0,0,0,0,0,0,0,0,0,0,0,0,0,0,0,0,0,0,0,0,0,0,0,0,0,0,0,0,0,0,0,0,0,0,0,0,0,0,0,0,0,0,0,0,0,0,0,1,0,0,0,0,0,0,0,0,0,0,0,0,0,0,0,0,0,0,0
2023-04-25 18:18:27.873168,LTE_RRC_OTA_Packet,155,DL,1750,,,,,,,,0,0,0,0,0,0,0,0,0,0,0,0,0,1,0,1@2@3@4@5,measObjectEUTRA (0)@measObjectNR-r15 (5)@measObjectEUTRA (0)@measObjectEUTRA (0)@measObjectEUTRA (0),1750@3050@525@3400,631000,0,1,1@2@3@4@5,event (0)@event (0)@event (0)@event (0)@event (0),eventA3 (2)@eventA2 (1)@eventB1-NR-r15 (5)@eventA2 (1)@eventA1 (0),{'off': '2dB'& 'hys': '1dB'& 'ttt': 'ms160'}@{'thr': '-114dBm'& 'hys': '2dB'& 'ttt': 'ms1280'}@{'thr': '[-111dBm& -110dBm)'& 'hys': '0dB'& 'ttt': 'ms100'}@{'thr': '-140dBm'& 'hys': '1dB'& 'ttt': 'ms5120'}@{'thr': '-140dBm'& 'hys': '1dB'& 'ttt': 'ms40'},0,0,0,0,0,0,(1&1&1)@(2&1&2)@(3&2&3)@(4&3&4)@(5&3&5)@(6&4&4)@(7&4&5)@(8&5&4)@(9&5&5),0,1,0,0,0,0,0,0,0,0,0,0,0,0,0,0,0,0,0,0,0,0,0,0,0,0,0,0,0,0,0,1,1@2@3,155@155@155,3050@525@3400
2023-04-25 18:18:27.889010,LTE_RRC_OTA_Packet,155,UL,1750,,,,,,,,0,0,0,0,0,0,0,0,0,0,0,0,0,0,0,0,0,0,0,0,0,0,0,0,0,0,0,0,0,0,0,0,0,0,1,0,0,0,0,0,0,0,0,0,0,0,0,0,0,0,0,0,0,0,0,0,0,0,0,0,0,0,0,0,0,0,0
2023-04-25 18:18:27.916991,LTE_RRC_OTA_Packet,155,DL,1750,,,,,,,,0,0,0,0,0,0,0,0,0,0,0,0,0,0,0,0,0,0,0,0,1,6,periodical (1),reportStrongestCells (0),{},0,0,0,0,0,0,(10&1&6),0,1,0,0,0,0,0,0,0,0,0,0,0,0,0,0,0,0,0,0,0,0,0,0,0,0,0,0,0,0,0,0,0,0,0
2023-04-25 18:18:27.918024,LTE_RRC_OTA_Packet,155,UL,1750,,,,,,,,0,0,0,0,0,0,0,0,0,0,0,0,0,0,0,0,0,0,0,0,0,0,0,0,0,0,0,0,0,0,0,0,0,0,1,0,0,0,0,0,0,0,0,0,0,0,0,0,0,0,0,0,0,0,0,0,0,0,0,0,0,0,0,0,0,0,0
2023-04-25 18:18:27.920668,LTE_RRC_OTA_Packet,155,UL,1750,,,,,,,,1,0,10,0,0,0,0,0,0,0,0,0,0,0,0,0,0,0,0,0,0,0,0,0,0,0,0,0,0,0,0,0,0,0,0,0,0,0,0,0,0,0,0,0,0,0,0,0,0,0,0,0,0,0,0,0,0,0,0,0,0,0,0,0,0,0,0
2023-04-25 18:18:28.017731,LTE_RRC_OTA_Packet,155,UL,1750,,,,,,,,1,0,3,0,0,0,0,0,0,0,0,1,155,0,0,0,0,0,0,0,0,0,0,0,0,0,0,0,0,0,0,0,0,0,0,0,0,0,0,0,0,0,0,0,0,0,0,0,0,0,0,0,0,0,0,0,0,0,0,0,0,0,0,0,0,0,0
2023-04-25 18:18:28.139636,LTE_RRC_OTA_Packet,155,-,1750,,,,,,,,0,0,0,0,0,0,0,0,0,0,0,0,0,0,0,0,0,0,0,0,0,0,0,0,0,0,0,0,0,0,0,0,0,0,0,0,0,0,0,0,0,0,0,0,0,0,0,0,0,0,0,0,0,0,0,0,0,0,0,0,0,0,0,0,0,0,0
2023-04-25 18:18:28.139637,LTE_RRC_OTA_Packet,155,-,1750,,,,,,,,0,0,0,0,0,0,0,0,0,0,0,0,0,0,0,0,0,0,0,0,0,0,0,0,0,0,0,0,0,0,0,0,0,0,0,0,0,0,0,0,0,0,0,0,0,0,0,0,0,0,0,0,0,0,0,0,0,1,0,0,0,0,0,0,0,0,0
2023-04-25 18:18:28.139638,LTE_RRC_OTA_Packet,155,-,1750,,,,,,,,0,0,0,0,0,0,0,0,0,0,0,0,0,0,0,0,0,0,0,0,0,0,0,0,0,0,0,0,0,0,0,0,0,0,0,0,0,0,0,0,0,0,0,0,0,0,0,0,0,0,0,0,0,0,0,0,0,0,0,0,0,0,0,0,0,0,0
2023-04-25 18:18:28.139639,LTE_RRC_OTA_Packet,155,-,1750,,,,,,,,0,0,0,0,0,0,0,0,0,0,0,0,0,0,0,0,0,0,0,0,0,0,0,0,0,0,0,0,0,0,0,0,0,0,0,0,0,0,0,0,0,0,0,0,0,0,0,0,0,0,0,0,0,0,0,0,0,0,0,0,0,0,0,0,0,0,0
2023-04-25 18:18:28.146596,LTE_RRC_Serv_Cell_Info,155,,,1750,19750,54652951,11200,3,466,92
2023-04-25 18:18:30.476944,LTE_RRC_OTA_Packet,155,DL,1750,,,,,,,,0,0,0,0,0,0,0,0,0,0,0,0,0,0,0,0,0,0,0,0,0,0,0,0,0,0,0,0,0,0,0,0,0,1,0,1,0,0,0,0,0,0,0,0,0,0,0,0,0,0,0,1,0,0,0,0,0,0,0,0,0,0,0,0,0,0,0
2023-04-25 18:18:30.477690,5G_NR_RRC_OTA_Packet,155,-,631000,,,,,,,,0,0,0,0,0,0,0,0,0,0,0,0,0,0,0,0,0,0,0,0,0,0,0,0,0,0,0,0,0,0,0,0,0,0,0,1,0,0,0,0,0,0,0,0,0,0,0,0,0,0,0,0,0,0,0,0,0,0,0,0,0,0,0,0,0,0,0
2023-04-25 18:18:30.477699,5G_NR_RRC_OTA_Packet,155,-,631000,,,,,,,,0,0,0,0,0,0,0,0,0,0,0,0,0,0,0,0,0,0,0,0,0,0,0,0,0,0,0,0,0,0,0,0,0,0,0,0,0,0,0,0,0,0,0,0,0,0,0,0,0,0,0,0,0,0,0,0,0,0,0,0,0,0,0,0,0,0,0
2023-04-25 18:18:30.496317,5G_NR_RRC_OTA_Packet,155,UL,631000,,,,,,,,0,0,0,0,0,0,0,0,0,0,0,0,0,0,0,0,0,0,0,0,0,0,0,0,0,0,0,0,0,0,0,0,0,0,0,0,0,0,0,0,0,0,0,0,0,0,0,0,0,0,0,0,0,0,0,0,0,0,0,0,0,0,0,0,0,0,0
2023-04-25 18:18:30.496397,LTE_RRC_OTA_Packet,155,UL,1750,,,,,,,,0,0,0,0,0,0,0,0,0,0,0,0,0,0,0,0,0,0,0,0,0,0,0,0,0,0,0,0,0,0,0,0,0,0,1,0,1,0,0,0,0,0,0,0,0,0,0,0,0,0,0,0,0,0,0,0,0,0,0,0,0,0,0,0,0,0,0
2023-04-25 18:18:47.116848,LTE_RRC_OTA_Packet,155,DL,1750,,,,,,,,0,0,0,0,0,0,0,0,0,0,0,0,0,0,0,0,0,0,0,0,0,0,0,0,0,0,0,0,0,0,0,0,0,0,0,0,0,0,0,0,0,0,0,0,0,0,0,0,1,0,0,0,0,0,0,0,0,0,0,0,0,0,0,0,0,0,0
2023-04-25 18:18:47.205302,LTE_RRC_Serv_Cell_Info,155,,,1750,19750,54652951,11200,3,466,92
2023-04-25 18:18:52.332527,LTE_RRC_OTA_Packet,155,-,1750,,,,,,,,0,0,0,0,0,0,0,0,0,0,0,0,0,0,0,0,0,0,0,0,0,0,0,0,0,0,0,0,0,0,0,0,0,0,0,0,0,0,0,0,0,0,0,1,0,0,0,0,0,0,0,0,0,0,0,0,0,0,0,0,0,0,0,0,0,0,0
2023-04-25 18:18:52.402892,LTE_RRC_OTA_Packet,155,-,1750,,,,,,,,0,0,0,0,0,0,0,0,0,0,0,0,0,0,0,0,0,0,0,0,0,0,0,0,0,0,0,0,0,0,0,0,0,0,0,0,0,0,0,0,0,0,0,0,1,0,0,0,0,0,0,0,0,0,0,0,0,0,0,0,0,0,0,0,0,0,0
2023-04-25 18:18:52.406664,LTE_RRC_OTA_Packet,155,UL,1750,,,,,,,,0,0,0,0,0,0,0,0,0,0,0,0,0,0,0,0,0,0,0,0,0,0,0,0,0,0,0,0,0,0,0,0,0,0,0,0,0,0,0,0,0,0,0,0,0,1,0,0,0,0,0,0,0,0,0,0,0,0,0,0,0,0,0,0,0,0,0
2023-04-25 18:18:52.441781,LTE_RRC_OTA_Packet,155,DL,1750,,,,,,,,0,0,0,0,0,0,0,0,0,0,0,0,0,0,0,0,0,0,0,0,0,0,0,0,0,0,0,0,0,0,0,0,0,0,0,0,0,0,0,0,0,0,0,0,0,0,1,0,0,0,0,0,0,0,0,0,0,0,0,0,0,0,0,0,0,0,0
2023-04-25 18:18:52.442869,LTE_RRC_OTA_Packet,155,UL,1750,,,,,,,,0,0,0,0,0,0,0,0,0,0,0,0,0,0,0,0,0,0,0,0,0,0,0,0,0,0,0,0,0,0,0,0,0,0,0,0,0,0,0,0,0,0,0,0,0,0,0,1,0,0,0,0,0,0,0,0,0,0,0,0,0,0,0,0,0,0,0
2023-04-25 18:18:52.442994,LTE_RRC_OTA_Packet,155,DL,1750,,,,,,,,0,0,0,0,0,0,0,0,0,0,0,0,0,1,0,1@2@3@4@5,measObjectEUTRA (0)@measObjectNR-r15 (5)@measObjectEUTRA (0)@measObjectEUTRA (0)@measObjectEUTRA (0),1750@3050@1400@3400,631000,0,1,1@2@3@4@5,event (0)@event (0)@event (0)@event (0)@event (0),eventA3 (2)@eventA2 (1)@eventB1-NR-r15 (5)@eventA2 (1)@eventA1 (0),{'off': '2dB'& 'hys': '1dB'& 'ttt': 'ms160'}@{'thr': '-114dBm'& 'hys': '2dB'& 'ttt': 'ms1280'}@{'thr': '[-111dBm& -110dBm)'& 'hys': '0dB'& 'ttt': 'ms100'}@{'thr': '-140dBm'& 'hys': '1dB'& 'ttt': 'ms5120'}@{'thr': '-140dBm'& 'hys': '1dB'& 'ttt': 'ms40'},0,0,0,0,0,0,(1&1&1)@(2&1&2)@(3&2&3)@(4&3&4)@(5&3&5)@(6&4&4)@(7&4&5)@(8&5&4)@(9&5&5),0,1,0,0,0,0,0,0,0,0,0,0,0,0,0,0,0,0,0,0,0,0,0,0,0,0,0,0,0,0,0,1,1@2@3,155@155@155,3050@1400@3400
2023-04-25 18:18:52.459523,LTE_RRC_OTA_Packet,155,UL,1750,,,,,,,,0,0,0,0,0,0,0,0,0,0,0,0,0,0,0,0,0,0,0,0,0,0,0,0,0,0,0,0,0,0,0,0,0,0,1,0,0,0,0,0,0,0,0,0,0,0,0,0,0,0,0,0,0,0,0,0,0,0,0,0,0,0,0,0,0,0,0
2023-04-25 18:18:52.478092,LTE_RRC_OTA_Packet,155,DL,1750,,,,,,,,0,0,0,0,0,0,0,0,0,0,0,0,0,0,0,0,0,0,0,0,1,6,periodical (1),reportStrongestCells (0),{},0,0,0,0,0,0,(10&1&6),0,1,0,0,0,0,0,0,0,0,0,0,0,0,0,0,0,0,0,0,0,0,0,0,0,0,0,0,0,0,0,0,0,0,0
2023-04-25 18:18:52.479409,LTE_RRC_OTA_Packet,155,UL,1750,,,,,,,,0,0,0,0,0,0,0,0,0,0,0,0,0,0,0,0,0,0,0,0,0,0,0,0,0,0,0,0,0,0,0,0,0,0,1,0,0,0,0,0,0,0,0,0,0,0,0,0,0,0,0,0,0,0,0,0,0,0,0,0,0,0,0,0,0,0,0
2023-04-25 18:18:52.493777,LTE_RRC_OTA_Packet,155,UL,1750,,,,,,,,1,0,10,1,147,0,0,0,0,0,0,0,0,0,0,0,0,0,0,0,0,0,0,0,0,0,0,0,0,0,0,0,0,0,0,0,0,0,0,0,0,0,0,0,0,0,0,0,0,0,0,0,0,0,0,0,0,0,0,0,0,0,0,0,0,0,0
2023-04-25 18:18:52.597718,LTE_RRC_OTA_Packet,155,UL,1750,,,,,,,,1,0,3,0,0,0,0,0,0,0,0,1,155,0,0,0,0,0,0,0,0,0,0,0,0,0,0,0,0,0,0,0,0,0,0,0,0,0,0,0,0,0,0,0,0,0,0,0,0,0,0,0,0,0,0,0,0,0,0,0,0,0,0,0,0,0,0
2023-04-25 18:18:52.637603,LTE_RRC_OTA_Packet,155,UL,1750,,,,,,,,1,0,5,0,0,0,0,0,0,0,0,0,0,0,0,0,0,0,0,0,0,0,0,0,0,0,0,0,0,0,0,0,0,0,0,0,0,0,0,0,0,0,0,0,0,0,0,0,0,0,0,0,0,0,0,0,0,0,0,0,0,0,0,0,0,0,0
2023-04-25 18:18:52.637657,LTE_RRC_OTA_Packet,155,UL,1750,,,,,,,,1,0,7,0,0,0,0,0,0,0,0,0,0,0,0,0,0,0,0,0,0,0,0,0,0,0,0,0,0,0,0,0,0,0,0,0,0,0,0,0,0,0,0,0,0,0,0,0,0,0,0,0,0,0,0,0,0,0,0,0,0,0,0,0,0,0,0
2023-04-25 18:18:52.637699,LTE_RRC_OTA_Packet,155,UL,1750,,,,,,,,1,0,9,0,0,0,0,0,0,0,0,0,0,0,0,0,0,0,0,0,0,0,0,0,0,0,0,0,0,0,0,0,0,0,0,0,0,0,0,0,0,0,0,0,0,0,0,0,0,0,0,0,0,0,0,0,0,0,0,0,0,0,0,0,0,0,0
2023-04-25 18:18:52.643365,5G_NR_RRC_OTA_Packet,0,-,0,,,,,,,,0,0,0,0,0,0,0,0,0,0,0,0,0,0,1,1,measObjectNR (0),0,0,631000,0,0,0,0,0,1,1@2,eventTriggered (1)@eventTriggered (1),eventA2 (1)@eventA3 (2),{'thr': '[-120dBm& -119dBm)'& 'hys': '1dB'& 'ttt': 'ms640'}@{'off': '6 dBm'& 'hys': '1dB'& 'ttt': 'ms640'},0,0,(1&1&1)@(2&1&2),0,0,1,0,0,0,0,0,0,0,0,0,0,0,0,0,0,0,0,0,0,0,0,0,0,0,155,1,0,0,0,0,0,0
2023-04-25 18:18:52.643383,5G_NR_RRC_OTA_Packet,0,-,0,,,,,,,,0,0,0,0,0,0,0,0,0,0,0,0,0,0,0,0,0,0,0,0,0,0,0,0,0,0,0,0,0,0,0,0,0,0,0,0,0,0,0,0,0,0,0,0,0,0,0,0,0,0,0,0,0,0,0,0,0,0,0,0,0,0,0,0,0,0,0
2023-04-25 18:18:52.650207,LTE_RRC_OTA_Packet,155,DL,1750,,,,,,,,0,0,0,0,0,0,0,0,0,0,0,0,0,1,1,3@6@5@1@1,measObjectEUTRA (0)@measObjectEUTRA (0)@measObjectEUTRA (0)@measObjectEUTRA (0)@measObjectNR (0),3050@525@3400@1750,0,631000,1,1@2@6@4,event (0)@event (0)@periodical (1)@event (0),eventA3 (2)@eventA2 (1)@reportStrongestCells (0)@eventA2 (1),{'off': '2dB'& 'hys': '1dB'& 'ttt': 'ms160'}@{'thr': '-114dBm'& 'hys': '2dB'& 'ttt': 'ms1280'}@{}@{'thr': '-140dBm'& 'hys': '1dB'& 'ttt': 'ms5120'},1,1@2,eventTriggered (1)@eventTriggered (1),eventA2 (1)@eventA3 (2),{'thr': '[-120dBm& -119dBm)'& 'hys': '1dB'& 'ttt': 'ms640'}@{'off': '6 dBm'& 'hys': '1dB'& 'ttt': 'ms640'},3@4@5@6@7@8@9,(11&3&4)@(12&6&4)@(13&5&4)@(1&1&1)@(2&1&2)@(10&1&6),(1&1&1)@(2&1&2),1,0,1,0,0,0,0,0,0,0,0,0,0,0,0,0,0,0,1,0,1,0,0,155,1750,1,155,1,0,0,1,1@2@3,155@155@155,3050@525@3400
2023-04-25 18:18:52.669390,5G_NR_RRC_OTA_Packet,155,UL,631000,,,,,,,,0,0,0,0,0,0,0,0,0,0,0,0,0,0,0,0,0,0,0,0,0,0,0,0,0,0,0,0,0,0,0,0,0,0,0,0,0,0,0,0,0,0,0,0,0,0,0,0,0,0,0,0,0,0,0,0,0,0,0,0,0,0,0,0,0,0,0
2023-04-25 18:18:52.669587,LTE_RRC_OTA_Packet,155,UL,1750,,,,,,,,0,0,0,0,0,0,0,0,0,0,0,0,0,0,0,0,0,0,0,0,0,0,0,0,0,0,0,0,0,0,0,0,0,0,1,0,1,0,0,0,0,0,0,0,0,0,0,0,0,0,0,0,0,0,0,0,0,0,0,0,0,0,0,0,0,0,0
2023-04-25 18:18:52.680853,LTE_RRC_OTA_Packet,155,UL,1750,,,,,,,,1,0,10,1,103,0,0,0,0,0,0,0,0,0,0,0,0,0,0,0,0,0,0,0,0,0,0,0,0,0,0,0,0,0,0,0,0,0,0,0,0,0,0,0,0,0,0,0,0,0,0,0,0,0,0,0,0,0,0,0,0,0,0,0,0,0,0
2023-04-25 18:18:53.419532,LTE_RRC_OTA_Packet,155,-,1750,,,,,,,,0,0,0,0,0,0,0,0,0,0,0,0,0,0,0,0,0,0,0,0,0,0,0,0,0,0,0,0,0,0,0,0,0,0,0,0,0,0,0,0,0,0,0,0,0,0,0,0,0,1,0,0,0,0,0,0,0,0,0,0,0,0,0,0,0,0,0
2023-04-25 18:18:55.530145,LTE_RRC_OTA_Packet,155,DL,1750,,,,,,,,0,0,0,0,0,0,0,0,0,0,0,0,0,0,0,0,0,0,0,0,0,0,0,0,0,0,0,0,0,0,0,0,0,1,0,1,0,0,0,0,0,0,0,0,0,0,0,0,0,0,0,1,0,0,0,0,0,0,0,0,0,0,0,0,0,0,0
2023-04-25 18:18:55.530675,5G_NR_RRC_OTA_Packet,155,-,631000,,,,,,,,0,0,0,0,0,0,0,0,0,0,0,0,0,0,0,0,0,0,0,0,0,0,0,0,0,0,0,0,0,0,0,0,0,0,0,1,0,0,0,0,0,0,0,0,0,0,0,0,0,0,0,0,0,0,0,0,0,0,0,0,0,0,0,0,0,0,0
2023-04-25 18:18:55.530682,5G_NR_RRC_OTA_Packet,155,-,631000,,,,,,,,0,0,0,0,0,0,0,0,0,0,0,0,0,0,0,0,0,0,0,0,0,0,0,0,0,0,0,0,0,0,0,0,0,0,0,0,0,0,0,0,0,0,0,0,0,0,0,0,0,0,0,0,0,0,0,0,0,0,0,0,0,0,0,0,0,0,0
2023-04-25 18:18:55.552081,5G_NR_RRC_OTA_Packet,155,UL,631000,,,,,,,,0,0,0,0,0,0,0,0,0,0,0,0,0,0,0,0,0,0,0,0,0,0,0,0,0,0,0,0,0,0,0,0,0,0,0,0,0,0,0,0,0,0,0,0,0,0,0,0,0,0,0,0,0,0,0,0,0,0,0,0,0,0,0,0,0,0,0
2023-04-25 18:18:55.552160,LTE_RRC_OTA_Packet,155,UL,1750,,,,,,,,0,0,0,0,0,0,0,0,0,0,0,0,0,0,0,0,0,0,0,0,0,0,0,0,0,0,0,0,0,0,0,0,0,0,1,0,1,0,0,0,0,0,0,0,0,0,0,0,0,0,0,0,0,0,0,0,0,0,0,0,0,0,0,0,0,0,0
2023-04-25 18:18:56.173975,LTE_RRC_OTA_Packet,155,-,1750,,,,,,,,0,0,0,0,0,0,0,0,0,0,0,0,0,0,0,0,0,0,0,0,0,0,0,0,0,0,0,0,0,0,0,0,0,0,0,0,0,0,0,0,0,0,0,0,0,0,0,0,0,0,0,0,0,0,0,0,0,0,0,0,0,0,0,0,0,0,0
2023-04-25 18:19:07.050162,LTE_RRC_OTA_Packet,155,DL,1750,,,,,,,,0,0,0,0,0,0,0,0,0,0,0,0,0,0,0,0,0,0,0,0,0,0,0,0,0,0,0,0,0,0,0,0,0,0,0,0,0,0,0,0,0,0,0,0,0,0,0,0,1,0,0,0,0,0,0,0,0,0,0,0,0,0,0,0,0,0,0
2023-04-25 18:19:07.122115,LTE_RRC_Serv_Cell_Info,155,,,1750,19750,54652951,11200,3,466,92
2023-04-25 18:19:08.203902,LTE_RRC_OTA_Packet,155,-,1750,,,,,,,,0,0,0,0,0,0,0,0,0,0,0,0,0,0,0,0,0,0,0,0,0,0,0,0,0,0,0,0,0,0,0,0,0,0,0,0,0,0,0,0,0,0,0,0,0,0,0,0,0,0,0,0,0,0,0,0,0,0,0,0,0,0,0,0,0,0,0
2023-04-25 18:19:12.537912,LTE_RRC_OTA_Packet,155,-,1750,,,,,,,,0,0,0,0,0,0,0,0,0,0,0,0,0,0,0,0,0,0,0,0,0,0,0,0,0,0,0,0,0,0,0,0,0,0,0,0,0,0,0,0,0,0,0,1,0,0,0,0,0,0,0,0,0,0,0,0,0,0,0,0,0,0,0,0,0,0,0
2023-04-25 18:19:12.603993,LTE_RRC_OTA_Packet,155,-,1750,,,,,,,,0,0,0,0,0,0,0,0,0,0,0,0,0,0,0,0,0,0,0,0,0,0,0,0,0,0,0,0,0,0,0,0,0,0,0,0,0,0,0,0,0,0,0,0,1,0,0,0,0,0,0,0,0,0,0,0,0,0,0,0,0,0,0,0,0,0,0
2023-04-25 18:19:12.607706,LTE_RRC_OTA_Packet,155,UL,1750,,,,,,,,0,0,0,0,0,0,0,0,0,0,0,0,0,0,0,0,0,0,0,0,0,0,0,0,0,0,0,0,0,0,0,0,0,0,0,0,0,0,0,0,0,0,0,0,0,1,0,0,0,0,0,0,0,0,0,0,0,0,0,0,0,0,0,0,0,0,0
2023-04-25 18:19:12.641819,LTE_RRC_OTA_Packet,155,DL,1750,,,,,,,,0,0,0,0,0,0,0,0,0,0,0,0,0,0,0,0,0,0,0,0,0,0,0,0,0,0,0,0,0,0,0,0,0,0,0,0,0,0,0,0,0,0,0,0,0,0,1,0,0,0,0,0,0,0,0,0,0,0,0,0,0,0,0,0,0,0,0
2023-04-25 18:19:12.642935,LTE_RRC_OTA_Packet,155,UL,1750,,,,,,,,0,0,0,0,0,0,0,0,0,0,0,0,0,0,0,0,0,0,0,0,0,0,0,0,0,0,0,0,0,0,0,0,0,0,0,0,0,0,0,0,0,0,0,0,0,0,0,1,0,0,0,0,0,0,0,0,0,0,0,0,0,0,0,0,0,0,0
2023-04-25 18:19:12.643061,LTE_RRC_OTA_Packet,155,DL,1750,,,,,,,,0,0,0,0,0,0,0,0,0,0,0,0,0,1,0,1@2@3@4@5,measObjectEUTRA (0)@measObjectNR-r15 (5)@measObjectEUTRA (0)@measObjectEUTRA (0)@measObjectEUTRA (0),1750@3050@1400@3400,631000,0,1,1@2@3@4@5,event (0)@event (0)@event (0)@event (0)@event (0),eventA3 (2)@eventA2 (1)@eventB1-NR-r15 (5)@eventA2 (1)@eventA1 (0),{'off': '2dB'& 'hys': '1dB'& 'ttt': 'ms160'}@{'thr': '-114dBm'& 'hys': '2dB'& 'ttt': 'ms1280'}@{'thr': '[-111dBm& -110dBm)'& 'hys': '0dB'& 'ttt': 'ms100'}@{'thr': '-140dBm'& 'hys': '1dB'& 'ttt': 'ms5120'}@{'thr': '-140dBm'& 'hys': '1dB'& 'ttt': 'ms40'},0,0,0,0,0,0,(1&1&1)@(2&1&2)@(3&2&3)@(4&3&4)@(5&3&5)@(6&4&4)@(7&4&5)@(8&5&4)@(9&5&5),0,1,0,0,0,0,0,0,0,0,0,0,0,0,0,0,0,0,0,0,0,0,0,0,0,0,0,0,0,0,0,1,1@2@3,155@155@155,3050@1400@3400
2023-04-25 18:19:12.659009,LTE_RRC_OTA_Packet,155,UL,1750,,,,,,,,0,0,0,0,0,0,0,0,0,0,0,0,0,0,0,0,0,0,0,0,0,0,0,0,0,0,0,0,0,0,0,0,0,0,1,0,0,0,0,0,0,0,0,0,0,0,0,0,0,0,0,0,0,0,0,0,0,0,0,0,0,0,0,0,0,0,0
2023-04-25 18:19:12.671275,LTE_RRC_OTA_Packet,155,DL,1750,,,,,,,,0,0,0,0,0,0,0,0,0,0,0,0,0,0,0,0,0,0,0,0,1,6,periodical (1),reportStrongestCells (0),{},0,0,0,0,0,0,(10&1&6),0,1,0,0,0,0,0,0,0,0,0,0,0,0,0,0,0,0,0,0,0,0,0,0,0,0,0,0,0,0,0,0,0,0,0
2023-04-25 18:19:12.672183,LTE_RRC_OTA_Packet,155,UL,1750,,,,,,,,0,0,0,0,0,0,0,0,0,0,0,0,0,0,0,0,0,0,0,0,0,0,0,0,0,0,0,0,0,0,0,0,0,0,1,0,0,0,0,0,0,0,0,0,0,0,0,0,0,0,0,0,0,0,0,0,0,0,0,0,0,0,0,0,0,0,0
2023-04-25 18:19:12.693136,LTE_RRC_OTA_Packet,155,UL,1750,,,,,,,,1,0,10,0,0,0,0,0,0,0,0,0,0,0,0,0,0,0,0,0,0,0,0,0,0,0,0,0,0,0,0,0,0,0,0,0,0,0,0,0,0,0,0,0,0,0,0,0,0,0,0,0,0,0,0,0,0,0,0,0,0,0,0,0,0,0,0
2023-04-25 18:19:12.777647,LTE_RRC_OTA_Packet,155,UL,1750,,,,,,,,1,0,3,0,0,0,0,0,0,0,0,1,155,0,0,0,0,0,0,0,0,0,0,0,0,0,0,0,0,0,0,0,0,0,0,0,0,0,0,0,0,0,0,0,0,0,0,0,0,0,0,0,0,0,0,0,0,0,0,0,0,0,0,0,0,0,0
2023-04-25 18:19:12.817642,LTE_RRC_OTA_Packet,155,UL,1750,,,,,,,,1,0,5,0,0,0,0,0,0,0,0,0,0,0,0,0,0,0,0,0,0,0,0,0,0,0,0,0,0,0,0,0,0,0,0,0,0,0,0,0,0,0,0,0,0,0,0,0,0,0,0,0,0,0,0,0,0,0,0,0,0,0,0,0,0,0,0
2023-04-25 18:19:12.817708,LTE_RRC_OTA_Packet,155,UL,1750,,,,,,,,1,0,7,0,0,0,0,0,0,0,0,0,0,0,0,0,0,0,0,0,0,0,0,0,0,0,0,0,0,0,0,0,0,0,0,0,0,0,0,0,0,0,0,0,0,0,0,0,0,0,0,0,0,0,0,0,0,0,0,0,0,0,0,0,0,0,0
2023-04-25 18:19:12.817775,LTE_RRC_OTA_Packet,155,UL,1750,,,,,,,,1,0,9,0,0,0,0,0,0,0,0,0,0,0,0,0,0,0,0,0,0,0,0,0,0,0,0,0,0,0,0,0,0,0,0,0,0,0,0,0,0,0,0,0,0,0,0,0,0,0,0,0,0,0,0,0,0,0,0,0,0,0,0,0,0,0,0
2023-04-25 18:19:12.822941,5G_NR_RRC_OTA_Packet,0,-,0,,,,,,,,0,0,0,0,0,0,0,0,0,0,0,0,0,0,1,1,measObjectNR (0),0,0,631000,0,0,0,0,0,1,1@2,eventTriggered (1)@eventTriggered (1),eventA2 (1)@eventA3 (2),{'thr': '[-120dBm& -119dBm)'& 'hys': '1dB'& 'ttt': 'ms640'}@{'off': '6 dBm'& 'hys': '1dB'& 'ttt': 'ms640'},0,0,(1&1&1)@(2&1&2),0,0,1,0,0,0,0,0,0,0,0,0,0,0,0,0,0,0,0,0,0,0,0,0,0,0,155,1,0,0,0,0,0,0
2023-04-25 18:19:12.822959,5G_NR_RRC_OTA_Packet,0,-,0,,,,,,,,0,0,0,0,0,0,0,0,0,0,0,0,0,0,0,0,0,0,0,0,0,0,0,0,0,0,0,0,0,0,0,0,0,0,0,0,0,0,0,0,0,0,0,0,0,0,0,0,0,0,0,0,0,0,0,0,0,0,0,0,0,0,0,0,0,0,0
2023-04-25 18:19:12.829153,LTE_RRC_OTA_Packet,155,DL,1750,,,,,,,,0,0,0,0,0,0,0,0,0,0,0,0,0,1,1,3@6@5@1@1,measObjectEUTRA (0)@measObjectEUTRA (0)@measObjectEUTRA (0)@measObjectEUTRA (0)@measObjectNR (0),3050@525@3400@1750,0,631000,1,1@2@6@4,event (0)@event (0)@periodical (1)@event (0),eventA3 (2)@eventA2 (1)@reportStrongestCells (0)@eventA2 (1),{'off': '2dB'& 'hys': '1dB'& 'ttt': 'ms160'}@{'thr': '-114dBm'& 'hys': '2dB'& 'ttt': 'ms1280'}@{}@{'thr': '-140dBm'& 'hys': '1dB'& 'ttt': 'ms5120'},1,1@2,eventTriggered (1)@eventTriggered (1),eventA2 (1)@eventA3 (2),{'thr': '[-120dBm& -119dBm)'& 'hys': '1dB'& 'ttt': 'ms640'}@{'off': '6 dBm'& 'hys': '1dB'& 'ttt': 'ms640'},3@4@5@6@7@8@9,(11&3&4)@(12&6&4)@(13&5&4)@(1&1&1)@(2&1&2)@(10&1&6),(1&1&1)@(2&1&2),1,0,1,0,0,0,0,0,0,0,0,0,0,0,0,0,0,0,1,0,1,0,0,155,1750,1,155,1,0,0,1,1@2@3,155@155@155,3050@525@3400
2023-04-25 18:19:12.849369,5G_NR_RRC_OTA_Packet,155,UL,631000,,,,,,,,0,0,0,0,0,0,0,0,0,0,0,0,0,0,0,0,0,0,0,0,0,0,0,0,0,0,0,0,0,0,0,0,0,0,0,0,0,0,0,0,0,0,0,0,0,0,0,0,0,0,0,0,0,0,0,0,0,0,0,0,0,0,0,0,0,0,0
2023-04-25 18:19:12.849551,LTE_RRC_OTA_Packet,155,UL,1750,,,,,,,,0,0,0,0,0,0,0,0,0,0,0,0,0,0,0,0,0,0,0,0,0,0,0,0,0,0,0,0,0,0,0,0,0,0,1,0,1,0,0,0,0,0,0,0,0,0,0,0,0,0,0,0,0,0,0,0,0,0,0,0,0,0,0,0,0,0,0
2023-04-25 18:19:12.864192,LTE_RRC_OTA_Packet,155,UL,1750,,,,,,,,1,0,10,1,103@375,0,0,0,0,0,0,0,0,0,0,0,0,0,0,0,0,0,0,0,0,0,0,0,0,0,0,0,0,0,0,0,0,0,0,0,0,0,0,0,0,0,0,0,0,0,0,0,0,0,0,0,0,0,0,0,0,0,0,0,0,0,0
2023-04-25 18:19:12.899570,LTE_RRC_OTA_Packet,155,-,1750,,,,,,,,0,0,0,0,0,0,0,0,0,0,0,0,0,0,0,0,0,0,0,0,0,0,0,0,0,0,0,0,0,0,0,0,0,0,0,0,0,0,0,0,0,0,0,0,0,0,0,0,0,1,0,0,0,0,0,0,0,0,0,0,0,0,0,0,0,0,0
2023-04-25 18:19:12.899596,LTE_RRC_OTA_Packet,155,-,1750,,,,,,,,0,0,0,0,0,0,0,0,0,0,0,0,0,0,0,0,0,0,0,0,0,0,0,0,0,0,0,0,0,0,0,0,0,0,0,0,0,0,0,0,0,0,0,0,0,0,0,0,0,0,0,0,0,0,0,0,0,0,0,0,0,0,0,0,0,0,0
2023-04-25 18:19:12.899597,LTE_RRC_OTA_Packet,155,-,1750,,,,,,,,0,0,0,0,0,0,0,0,0,0,0,0,0,0,0,0,0,0,0,0,0,0,0,0,0,0,0,0,0,0,0,0,0,0,0,0,0,0,0,0,0,0,0,0,0,0,0,0,0,0,0,0,0,0,0,0,0,1,0,0,0,0,0,0,0,0,0
2023-04-25 18:19:12.899598,LTE_RRC_OTA_Packet,155,-,1750,,,,,,,,0,0,0,0,0,0,0,0,0,0,0,0,0,0,0,0,0,0,0,0,0,0,0,0,0,0,0,0,0,0,0,0,0,0,0,0,0,0,0,0,0,0,0,0,0,0,0,0,0,0,0,0,0,0,0,0,0,0,0,0,0,0,0,0,0,0,0
2023-04-25 18:19:12.899599,LTE_RRC_OTA_Packet,155,-,1750,,,,,,,,0,0,0,0,0,0,0,0,0,0,0,0,0,0,0,0,0,0,0,0,0,0,0,0,0,0,0,0,0,0,0,0,0,0,0,0,0,0,0,0,0,0,0,0,0,0,0,0,0,0,0,0,0,0,0,0,0,0,0,0,0,0,0,0,0,0,0
2023-04-25 18:19:12.899667,LTE_RRC_Serv_Cell_Info,155,,,1750,19750,54652951,11200,3,466,92
2023-04-25 18:19:13.900101,LTE_RRC_OTA_Packet,155,-,1750,,,,,,,,0,0,0,0,0,0,0,0,0,0,0,0,0,0,0,0,0,0,0,0,0,0,0,0,0,0,0,0,0,0,0,0,0,0,0,0,0,0,0,0,0,0,0,0,0,0,0,0,0,1,0,0,0,0,0,0,0,0,0,0,0,0,0,0,0,0,0
2023-04-25 18:19:15.065681,LTE_RRC_OTA_Packet,155,DL,1750,,,,,,,,0,0,0,0,0,0,0,0,0,0,0,0,0,0,0,0,0,0,0,0,0,0,0,0,0,0,0,0,0,0,0,0,0,1,0,1,0,0,0,0,0,0,0,0,0,0,0,0,0,0,0,1,0,0,0,0,0,0,0,0,0,0,0,0,0,0,0
2023-04-25 18:19:15.066439,5G_NR_RRC_OTA_Packet,155,-,631000,,,,,,,,0,0,0,0,0,0,0,0,0,0,0,0,0,0,0,0,0,0,0,0,0,0,0,0,0,0,0,0,0,0,0,0,0,0,0,1,0,0,0,0,0,0,0,0,0,0,0,0,0,0,0,0,0,0,0,0,0,0,0,0,0,0,0,0,0,0,0
2023-04-25 18:19:15.066446,5G_NR_RRC_OTA_Packet,155,-,631000,,,,,,,,0,0,0,0,0,0,0,0,0,0,0,0,0,0,0,0,0,0,0,0,0,0,0,0,0,0,0,0,0,0,0,0,0,0,0,0,0,0,0,0,0,0,0,0,0,0,0,0,0,0,0,0,0,0,0,0,0,0,0,0,0,0,0,0,0,0,0
2023-04-25 18:19:15.074263,5G_NR_RRC_OTA_Packet,155,UL,631000,,,,,,,,0,0,0,0,0,0,0,0,0,0,0,0,0,0,0,0,0,0,0,0,0,0,0,0,0,0,0,0,0,0,0,0,0,0,0,0,0,0,0,0,0,0,0,0,0,0,0,0,0,0,0,0,0,0,0,0,0,0,0,0,0,0,0,0,0,0,0
2023-04-25 18:19:15.077119,LTE_RRC_OTA_Packet,155,UL,1750,,,,,,,,0,0,0,0,0,0,0,0,0,0,0,0,0,0,0,0,0,0,0,0,0,0,0,0,0,0,0,0,0,0,0,0,0,0,1,0,1,0,0,0,0,0,0,0,0,0,0,0,0,0,0,0,0,0,0,0,0,0,0,0,0,0,0,0,0,0,0
2023-04-25 18:19:21.793425,LTE_RRC_OTA_Packet,155,-,1750,,,,,,,,0,0,0,0,0,0,0,0,0,0,0,0,0,0,0,0,0,0,0,0,0,0,0,0,0,0,0,0,0,0,0,0,0,0,0,0,0,0,0,0,0,0,0,0,0,0,0,0,0,0,0,0,0,0,0,0,0,0,0,0,0,0,0,0,0,0,0
2023-04-25 18:19:25.633429,LTE_RRC_OTA_Packet,155,-,1750,,,,,,,,0,0,0,0,0,0,0,0,0,0,0,0,0,0,0,0,0,0,0,0,0,0,0,0,0,0,0,0,0,0,0,0,0,0,0,0,0,0,0,0,0,0,0,0,0,0,0,0,0,0,0,0,0,0,0,0,0,0,0,0,0,0,0,0,0,0,0
2023-04-25 18:19:27.225888,LTE_RRC_OTA_Packet,155,DL,1750,,,,,,,,0,0,0,0,0,0,0,0,0,0,0,0,0,0,0,0,0,0,0,0,0,0,0,0,0,0,0,0,0,0,0,0,0,0,0,0,0,0,0,0,0,0,0,0,0,0,0,0,1,0,0,0,0,0,0,0,0,0,0,0,0,0,0,0,0,0,0
2023-04-25 18:19:27.309228,LTE_RRC_Serv_Cell_Info,155,,,1750,19750,54652951,11200,3,466,92
2023-04-25 18:19:32.731655,LTE_RRC_OTA_Packet,155,-,1750,,,,,,,,0,0,0,0,0,0,0,0,0,0,0,0,0,0,0,0,0,0,0,0,0,0,0,0,0,0,0,0,0,0,0,0,0,0,0,0,0,0,0,0,0,0,0,1,0,0,0,0,0,0,0,0,0,0,0,0,0,0,0,0,0,0,0,0,0,0,0
2023-04-25 18:19:32.792957,LTE_RRC_OTA_Packet,155,-,1750,,,,,,,,0,0,0,0,0,0,0,0,0,0,0,0,0,0,0,0,0,0,0,0,0,0,0,0,0,0,0,0,0,0,0,0,0,0,0,0,0,0,0,0,0,0,0,0,1,0,0,0,0,0,0,0,0,0,0,0,0,0,0,0,0,0,0,0,0,0,0
2023-04-25 18:19:32.797513,LTE_RRC_OTA_Packet,155,UL,1750,,,,,,,,0,0,0,0,0,0,0,0,0,0,0,0,0,0,0,0,0,0,0,0,0,0,0,0,0,0,0,0,0,0,0,0,0,0,0,0,0,0,0,0,0,0,0,0,0,1,0,0,0,0,0,0,0,0,0,0,0,0,0,0,0,0,0,0,0,0,0
2023-04-25 18:19:32.825722,LTE_RRC_OTA_Packet,155,DL,1750,,,,,,,,0,0,0,0,0,0,0,0,0,0,0,0,0,0,0,0,0,0,0,0,0,0,0,0,0,0,0,0,0,0,0,0,0,0,0,0,0,0,0,0,0,0,0,0,0,0,1,0,0,0,0,0,0,0,0,0,0,0,0,0,0,0,0,0,0,0,0
2023-04-25 18:19:32.826619,LTE_RRC_OTA_Packet,155,UL,1750,,,,,,,,0,0,0,0,0,0,0,0,0,0,0,0,0,0,0,0,0,0,0,0,0,0,0,0,0,0,0,0,0,0,0,0,0,0,0,0,0,0,0,0,0,0,0,0,0,0,0,1,0,0,0,0,0,0,0,0,0,0,0,0,0,0,0,0,0,0,0
2023-04-25 18:19:32.832013,LTE_RRC_OTA_Packet,155,DL,1750,,,,,,,,0,0,0,0,0,0,0,0,0,0,0,0,0,1,0,1@2@3@4@5,measObjectEUTRA (0)@measObjectNR-r15 (5)@measObjectEUTRA (0)@measObjectEUTRA (0)@measObjectEUTRA (0),1750@3050@525@3400,631000,0,1,1@2@3@4@5,event (0)@event (0)@event (0)@event (0)@event (0),eventA3 (2)@eventA2 (1)@eventB1-NR-r15 (5)@eventA2 (1)@eventA1 (0),{'off': '2dB'& 'hys': '1dB'& 'ttt': 'ms160'}@{'thr': '-114dBm'& 'hys': '2dB'& 'ttt': 'ms1280'}@{'thr': '[-111dBm& -110dBm)'& 'hys': '0dB'& 'ttt': 'ms100'}@{'thr': '-140dBm'& 'hys': '1dB'& 'ttt': 'ms5120'}@{'thr': '-140dBm'& 'hys': '1dB'& 'ttt': 'ms40'},0,0,0,0,0,0,(1&1&1)@(2&1&2)@(3&2&3)@(4&3&4)@(5&3&5)@(6&4&4)@(7&4&5)@(8&5&4)@(9&5&5),0,1,0,0,0,0,0,0,0,0,0,0,0,0,0,0,0,0,0,0,0,0,0,0,0,0,0,0,0,0,0,1,1@2@3,155@155@155,3050@525@3400
2023-04-25 18:19:32.847967,LTE_RRC_OTA_Packet,155,UL,1750,,,,,,,,0,0,0,0,0,0,0,0,0,0,0,0,0,0,0,0,0,0,0,0,0,0,0,0,0,0,0,0,0,0,0,0,0,0,1,0,0,0,0,0,0,0,0,0,0,0,0,0,0,0,0,0,0,0,0,0,0,0,0,0,0,0,0,0,0,0,0
2023-04-25 18:19:32.977669,LTE_RRC_OTA_Packet,155,UL,1750,,,,,,,,1,0,3,0,0,0,0,0,0,0,0,1,155,0,0,0,0,0,0,0,0,0,0,0,0,0,0,0,0,0,0,0,0,0,0,0,0,0,0,0,0,0,0,0,0,0,0,0,0,0,0,0,0,0,0,0,0,0,0,0,0,0,0,0,0,0,0
2023-04-25 18:19:33.017631,LTE_RRC_OTA_Packet,155,UL,1750,,,,,,,,1,0,5,0,0,0,0,0,0,0,0,0,0,0,0,0,0,0,0,0,0,0,0,0,0,0,0,0,0,0,0,0,0,0,0,0,0,0,0,0,0,0,0,0,0,0,0,0,0,0,0,0,0,0,0,0,0,0,0,0,0,0,0,0,0,0,0
2023-04-25 18:19:33.017691,LTE_RRC_OTA_Packet,155,UL,1750,,,,,,,,1,0,7,0,0,0,0,0,0,0,0,0,0,0,0,0,0,0,0,0,0,0,0,0,0,0,0,0,0,0,0,0,0,0,0,0,0,0,0,0,0,0,0,0,0,0,0,0,0,0,0,0,0,0,0,0,0,0,0,0,0,0,0,0,0,0,0
2023-04-25 18:19:33.017749,LTE_RRC_OTA_Packet,155,UL,1750,,,,,,,,1,0,9,0,0,0,0,0,0,0,0,0,0,0,0,0,0,0,0,0,0,0,0,0,0,0,0,0,0,0,0,0,0,0,0,0,0,0,0,0,0,0,0,0,0,0,0,0,0,0,0,0,0,0,0,0,0,0,0,0,0,0,0,0,0,0,0
2023-04-25 18:19:33.021697,5G_NR_RRC_OTA_Packet,0,-,0,,,,,,,,0,0,0,0,0,0,0,0,0,0,0,0,0,0,1,1,measObjectNR (0),0,0,631000,0,0,0,0,0,1,1@2,eventTriggered (1)@eventTriggered (1),eventA2 (1)@eventA3 (2),{'thr': '[-120dBm& -119dBm)'& 'hys': '1dB'& 'ttt': 'ms640'}@{'off': '6 dBm'& 'hys': '1dB'& 'ttt': 'ms640'},0,0,(1&1&1)@(2&1&2),0,0,1,0,0,0,0,0,0,0,0,0,0,0,0,0,0,0,0,0,0,0,0,0,0,0,155,1,0,0,0,0,0,0
2023-04-25 18:19:33.021714,5G_NR_RRC_OTA_Packet,0,-,0,,,,,,,,0,0,0,0,0,0,0,0,0,0,0,0,0,0,0,0,0,0,0,0,0,0,0,0,0,0,0,0,0,0,0,0,0,0,0,0,0,0,0,0,0,0,0,0,0,0,0,0,0,0,0,0,0,0,0,0,0,0,0,0,0,0,0,0,0,0,0
2023-04-25 18:19:33.027773,LTE_RRC_OTA_Packet,155,DL,1750,,,,,,,,0,0,0,0,0,0,0,0,0,0,0,0,0,1,1,3@4@5@1@1,measObjectEUTRA (0)@measObjectEUTRA (0)@measObjectEUTRA (0)@measObjectEUTRA (0)@measObjectNR (0),3050@525@3400@1750,0,631000,1,1@2@4,event (0)@event (0)@event (0),eventA3 (2)@eventA2 (1)@eventA2 (1),{'off': '2dB'& 'hys': '1dB'& 'ttt': 'ms160'}@{'thr': '-114dBm'& 'hys': '2dB'& 'ttt': 'ms1280'}@{'thr': '-140dBm'& 'hys': '1dB'& 'ttt': 'ms5120'},1,1@2,eventTriggered (1)@eventTriggered (1),eventA2 (1)@eventA3 (2),{'thr': '[-120dBm& -119dBm)'& 'hys': '1dB'& 'ttt': 'ms640'}@{'off': '6 dBm'& 'hys': '1dB'& 'ttt': 'ms640'},3@4@5@6@7@8@9,(10&3&4)@(11&4&4)@(12&5&4)@(1&1&1)@(2&1&2),(1&1&1)@(2&1&2),1,0,1,0,0,0,0,0,0,0,0,0,0,0,0,0,0,0,1,0,1,0,0,155,1750,1,155,1,0,0,1,1@2@3,155@155@155,3050@525@3400
2023-04-25 18:19:33.054308,5G_NR_RRC_OTA_Packet,155,UL,631000,,,,,,,,0,0,0,0,0,0,0,0,0,0,0,0,0,0,0,0,0,0,0,0,0,0,0,0,0,0,0,0,0,0,0,0,0,0,0,0,0,0,0,0,0,0,0,0,0,0,0,0,0,0,0,0,0,0,0,0,0,0,0,0,0,0,0,0,0,0,0
2023-04-25 18:19:33.054503,LTE_RRC_OTA_Packet,155,UL,1750,,,,,,,,0,0,0,0,0,0,0,0,0,0,0,0,0,0,0,0,0,0,0,0,0,0,0,0,0,0,0,0,0,0,0,0,0,0,1,0,1,0,0,0,0,0,0,0,0,0,0,0,0,0,0,0,0,0,0,0,0,0,0,0,0,0,0,0,0,0,0
2023-04-25 18:19:33.099519,LTE_RRC_OTA_Packet,155,-,1750,,,,,,,,0,0,0,0,0,0,0,0,0,0,0,0,0,0,0,0,0,0,0,0,0,0,0,0,0,0,0,0,0,0,0,0,0,0,0,0,0,0,0,0,0,0,0,0,0,0,0,0,0,1,0,0,0,0,0,0,0,0,0,0,0,0,0,0,0,0,0
2023-04-25 18:19:33.099544,LTE_RRC_OTA_Packet,155,-,1750,,,,,,,,0,0,0,0,0,0,0,0,0,0,0,0,0,0,0,0,0,0,0,0,0,0,0,0,0,0,0,0,0,0,0,0,0,0,0,0,0,0,0,0,0,0,0,0,0,0,0,0,0,0,0,0,0,0,0,0,0,0,0,0,0,0,0,0,0,0,0
2023-04-25 18:19:33.099545,LTE_RRC_OTA_Packet,155,-,1750,,,,,,,,0,0,0,0,0,0,0,0,0,0,0,0,0,0,0,0,0,0,0,0,0,0,0,0,0,0,0,0,0,0,0,0,0,0,0,0,0,0,0,0,0,0,0,0,0,0,0,0,0,0,0,0,0,0,0,0,0,1,0,0,0,0,0,0,0,0,0
2023-04-25 18:19:33.099545,LTE_RRC_OTA_Packet,155,-,1750,,,,,,,,0,0,0,0,0,0,0,0,0,0,0,0,0,0,0,0,0,0,0,0,0,0,0,0,0,0,0,0,0,0,0,0,0,0,0,0,0,0,0,0,0,0,0,0,0,0,0,0,0,0,0,0,0,0,0,0,0,0,0,0,0,0,0,0,0,0,0
2023-04-25 18:19:33.099546,LTE_RRC_OTA_Packet,155,-,1750,,,,,,,,0,0,0,0,0,0,0,0,0,0,0,0,0,0,0,0,0,0,0,0,0,0,0,0,0,0,0,0,0,0,0,0,0,0,0,0,0,0,0,0,0,0,0,0,0,0,0,0,0,0,0,0,0,0,0,0,0,0,0,0,0,0,0,0,0,0,0
2023-04-25 18:19:33.099606,LTE_RRC_Serv_Cell_Info,155,,,1750,19750,54652951,11200,3,466,92
2023-04-25 18:19:34.041826,LTE_RRC_OTA_Packet,155,DL,1750,,,,,,,,0,0,0,0,0,0,0,0,0,0,0,0,0,0,0,0,0,0,0,0,1,6,periodical (1),reportStrongestCells (0),{},0,0,0,0,0,0,(13&1&6),0,1,0,0,0,0,0,0,0,0,0,0,0,0,0,0,0,0,0,0,0,0,0,0,0,0,0,0,0,0,0,0,0,0,0
2023-04-25 18:19:34.047716,LTE_RRC_OTA_Packet,155,UL,1750,,,,,,,,0,0,0,0,0,0,0,0,0,0,0,0,0,0,0,0,0,0,0,0,0,0,0,0,0,0,0,0,0,0,0,0,0,0,1,0,0,0,0,0,0,0,0,0,0,0,0,0,0,0,0,0,0,0,0,0,0,0,0,0,0,0,0,0,0,0,0
2023-04-25 18:19:34.063418,LTE_RRC_OTA_Packet,155,UL,1750,,,,,,,,1,0,13,0,0,0,0,0,0,0,0,0,0,0,0,0,0,0,0,0,0,0,0,0,0,0,0,0,0,0,0,0,0,0,0,0,0,0,0,0,0,0,0,0,0,0,0,0,0,0,0,0,0,0,0,0,0,0,0,0,0,0,0,0,0,0,0
2023-04-25 18:19:34.681782,LTE_RRC_OTA_Packet,155,DL,1750,,,,,,,,0,0,0,0,0,0,0,0,0,0,0,0,0,0,0,0,0,0,0,0,0,0,0,0,0,0,0,0,0,0,0,0,0,1,0,1,0,0,0,0,0,0,0,0,0,0,0,0,0,0,0,1,0,0,0,0,0,0,0,0,0,0,0,0,0,0,0
2023-04-25 18:19:34.682575,5G_NR_RRC_OTA_Packet,155,-,631000,,,,,,,,0,0,0,0,0,0,0,0,0,0,0,0,0,0,0,0,0,0,0,0,0,0,0,0,0,0,0,0,0,0,0,0,0,0,0,1,0,0,0,0,0,0,0,0,0,0,0,0,0,0,0,0,0,0,0,0,0,0,0,0,0,0,0,0,0,0,0
2023-04-25 18:19:34.682586,5G_NR_RRC_OTA_Packet,155,-,631000,,,,,,,,0,0,0,0,0,0,0,0,0,0,0,0,0,0,0,0,0,0,0,0,0,0,0,0,0,0,0,0,0,0,0,0,0,0,0,0,0,0,0,0,0,0,0,0,0,0,0,0,0,0,0,0,0,0,0,0,0,0,0,0,0,0,0,0,0,0,0
2023-04-25 18:19:34.702098,5G_NR_RRC_OTA_Packet,155,UL,631000,,,,,,,,0,0,0,0,0,0,0,0,0,0,0,0,0,0,0,0,0,0,0,0,0,0,0,0,0,0,0,0,0,0,0,0,0,0,0,0,0,0,0,0,0,0,0,0,0,0,0,0,0,0,0,0,0,0,0,0,0,0,0,0,0,0,0,0,0,0,0
2023-04-25 18:19:34.702176,LTE_RRC_OTA_Packet,155,UL,1750,,,,,,,,0,0,0,0,0,0,0,0,0,0,0,0,0,0,0,0,0,0,0,0,0,0,0,0,0,0,0,0,0,0,0,0,0,0,1,0,1,0,0,0,0,0,0,0,0,0,0,0,0,0,0,0,0,0,0,0,0,0,0,0,0,0,0,0,0,0,0
2023-04-25 18:19:39.803433,LTE_RRC_OTA_Packet,155,-,1750,,,,,,,,0,0,0,0,0,0,0,0,0,0,0,0,0,0,0,0,0,0,0,0,0,0,0,0,0,0,0,0,0,0,0,0,0,0,0,0,0,0,0,0,0,0,0,0,0,0,0,0,0,0,0,0,0,0,0,0,0,0,0,0,0,0,0,0,0,0,0
2023-04-25 18:19:51.323393,LTE_RRC_OTA_Packet,155,-,1750,,,,,,,,0,0,0,0,0,0,0,0,0,0,0,0,0,0,0,0,0,0,0,0,0,0,0,0,0,0,0,0,0,0,0,0,0,0,0,0,0,0,0,0,0,0,0,0,0,0,0,0,0,0,0,0,0,0,0,0,0,0,0,0,0,0,0,0,0,0,0
2023-04-25 18:20:02.843386,LTE_RRC_OTA_Packet,155,-,1750,,,,,,,,0,0,0,0,0,0,0,0,0,0,0,0,0,0,0,0,0,0,0,0,0,0,0,0,0,0,0,0,0,0,0,0,0,0,0,0,0,0,0,0,0,0,0,0,0,0,0,0,0,0,0,0,0,0,0,0,0,0,0,0,0,0,0,0,0,0,0
2023-04-25 18:20:08.601685,LTE_RRC_OTA_Packet,155,DL,1750,,,,,,,,0,0,0,0,0,0,0,0,0,0,0,0,0,0,0,0,0,0,0,0,0,0,0,0,0,0,0,0,0,0,0,0,0,0,0,0,0,0,0,0,0,0,0,0,0,0,0,0,1,0,0,0,0,0,0,0,0,0,0,0,0,0,0,0,0,0,0
2023-04-25 18:20:08.675365,LTE_RRC_Serv_Cell_Info,155,,,1750,19750,54652951,11200,3,466,92
2023-04-25 18:20:12.981803,LTE_RRC_OTA_Packet,155,-,1750,,,,,,,,0,0,0,0,0,0,0,0,0,0,0,0,0,0,0,0,0,0,0,0,0,0,0,0,0,0,0,0,0,0,0,0,0,0,0,0,0,0,0,0,0,0,0,1,0,0,0,0,0,0,0,0,0,0,0,0,0,0,0,0,0,0,0,0,0,0,0
2023-04-25 18:20:13.052936,LTE_RRC_OTA_Packet,155,-,1750,,,,,,,,0,0,0,0,0,0,0,0,0,0,0,0,0,0,0,0,0,0,0,0,0,0,0,0,0,0,0,0,0,0,0,0,0,0,0,0,0,0,0,0,0,0,0,0,1,0,0,0,0,0,0,0,0,0,0,0,0,0,0,0,0,0,0,0,0,0,0
2023-04-25 18:20:13.056665,LTE_RRC_OTA_Packet,155,UL,1750,,,,,,,,0,0,0,0,0,0,0,0,0,0,0,0,0,0,0,0,0,0,0,0,0,0,0,0,0,0,0,0,0,0,0,0,0,0,0,0,0,0,0,0,0,0,0,0,0,1,0,0,0,0,0,0,0,0,0,0,0,0,0,0,0,0,0,0,0,0,0
2023-04-25 18:20:13.091818,LTE_RRC_OTA_Packet,155,DL,1750,,,,,,,,0,0,0,0,0,0,0,0,0,0,0,0,0,0,0,0,0,0,0,0,0,0,0,0,0,0,0,0,0,0,0,0,0,0,0,0,0,0,0,0,0,0,0,0,0,0,1,0,0,0,0,0,0,0,0,0,0,0,0,0,0,0,0,0,0,0,0
2023-04-25 18:20:13.093008,LTE_RRC_OTA_Packet,155,UL,1750,,,,,,,,0,0,0,0,0,0,0,0,0,0,0,0,0,0,0,0,0,0,0,0,0,0,0,0,0,0,0,0,0,0,0,0,0,0,0,0,0,0,0,0,0,0,0,0,0,0,0,1,0,0,0,0,0,0,0,0,0,0,0,0,0,0,0,0,0,0,0
2023-04-25 18:20:13.093142,LTE_RRC_OTA_Packet,155,DL,1750,,,,,,,,0,0,0,0,0,0,0,0,0,0,0,0,0,1,0,1@2@3@4@5,measObjectEUTRA (0)@measObjectNR-r15 (5)@measObjectEUTRA (0)@measObjectEUTRA (0)@measObjectEUTRA (0),1750@3050@3400@525,631000,0,1,1@2@3@4@5,event (0)@event (0)@event (0)@event (0)@event (0),eventA3 (2)@eventA2 (1)@eventB1-NR-r15 (5)@eventA2 (1)@eventA1 (0),{'off': '2dB'& 'hys': '1dB'& 'ttt': 'ms160'}@{'thr': '-114dBm'& 'hys': '2dB'& 'ttt': 'ms1280'}@{'thr': '[-111dBm& -110dBm)'& 'hys': '0dB'& 'ttt': 'ms100'}@{'thr': '-140dBm'& 'hys': '1dB'& 'ttt': 'ms5120'}@{'thr': '-140dBm'& 'hys': '1dB'& 'ttt': 'ms40'},0,0,0,0,0,0,(1&1&1)@(2&1&2)@(3&2&3)@(4&3&4)@(5&3&5)@(6&4&4)@(7&4&5)@(8&5&4)@(9&5&5),0,1,0,0,0,0,0,0,0,0,0,0,0,0,0,0,0,0,0,0,0,0,0,0,0,0,0,0,0,0,0,1,1@2@3,155@155@155,3050@3400@525
2023-04-25 18:20:13.107666,LTE_RRC_OTA_Packet,155,UL,1750,,,,,,,,0,0,0,0,0,0,0,0,0,0,0,0,0,0,0,0,0,0,0,0,0,0,0,0,0,0,0,0,0,0,0,0,0,0,1,0,0,0,0,0,0,0,0,0,0,0,0,0,0,0,0,0,0,0,0,0,0,0,0,0,0,0,0,0,0,0,0
2023-04-25 18:20:13.217692,LTE_RRC_OTA_Packet,155,UL,1750,,,,,,,,1,0,3,0,0,0,0,0,0,0,0,1,155,0,0,0,0,0,0,0,0,0,0,0,0,0,0,0,0,0,0,0,0,0,0,0,0,0,0,0,0,0,0,0,0,0,0,0,0,0,0,0,0,0,0,0,0,0,0,0,0,0,0,0,0,0,0
2023-04-25 18:20:13.257628,LTE_RRC_OTA_Packet,155,UL,1750,,,,,,,,1,0,5,0,0,0,0,0,0,0,0,0,0,0,0,0,0,0,0,0,0,0,0,0,0,0,0,0,0,0,0,0,0,0,0,0,0,0,0,0,0,0,0,0,0,0,0,0,0,0,0,0,0,0,0,0,0,0,0,0,0,0,0,0,0,0,0
2023-04-25 18:20:13.257684,LTE_RRC_OTA_Packet,155,UL,1750,,,,,,,,1,0,7,0,0,0,0,0,0,0,0,0,0,0,0,0,0,0,0,0,0,0,0,0,0,0,0,0,0,0,0,0,0,0,0,0,0,0,0,0,0,0,0,0,0,0,0,0,0,0,0,0,0,0,0,0,0,0,0,0,0,0,0,0,0,0,0
2023-04-25 18:20:13.257757,LTE_RRC_OTA_Packet,155,UL,1750,,,,,,,,1,0,9,0,0,0,0,0,0,0,0,0,0,0,0,0,0,0,0,0,0,0,0,0,0,0,0,0,0,0,0,0,0,0,0,0,0,0,0,0,0,0,0,0,0,0,0,0,0,0,0,0,0,0,0,0,0,0,0,0,0,0,0,0,0,0,0
2023-04-25 18:20:13.263961,5G_NR_RRC_OTA_Packet,0,-,0,,,,,,,,0,0,0,0,0,0,0,0,0,0,0,0,0,0,1,1,measObjectNR (0),0,0,631000,0,0,0,0,0,1,1@2,eventTriggered (1)@eventTriggered (1),eventA2 (1)@eventA3 (2),{'thr': '[-120dBm& -119dBm)'& 'hys': '1dB'& 'ttt': 'ms640'}@{'off': '6 dBm'& 'hys': '1dB'& 'ttt': 'ms640'},0,0,(1&1&1)@(2&1&2),0,0,1,0,0,0,0,0,0,0,0,0,0,0,0,0,0,0,0,0,0,0,0,0,0,0,155,1,0,0,0,0,0,0
2023-04-25 18:20:13.263976,5G_NR_RRC_OTA_Packet,0,-,0,,,,,,,,0,0,0,0,0,0,0,0,0,0,0,0,0,0,0,0,0,0,0,0,0,0,0,0,0,0,0,0,0,0,0,0,0,0,0,0,0,0,0,0,0,0,0,0,0,0,0,0,0,0,0,0,0,0,0,0,0,0,0,0,0,0,0,0,0,0,0
2023-04-25 18:20:13.270538,LTE_RRC_OTA_Packet,155,DL,1750,,,,,,,,0,0,0,0,0,0,0,0,0,0,0,0,0,1,1,3@5@4@1@1,measObjectEUTRA (0)@measObjectEUTRA (0)@measObjectEUTRA (0)@measObjectEUTRA (0)@measObjectNR (0),3050@525@3400@1750,0,631000,1,1@2@4,event (0)@event (0)@event (0),eventA3 (2)@eventA2 (1)@eventA2 (1),{'off': '2dB'& 'hys': '1dB'& 'ttt': 'ms160'}@{'thr': '-114dBm'& 'hys': '2dB'& 'ttt': 'ms1280'}@{'thr': '-140dBm'& 'hys': '1dB'& 'ttt': 'ms5120'},1,1@2,eventTriggered (1)@eventTriggered (1),eventA2 (1)@eventA3 (2),{'thr': '[-120dBm& -119dBm)'& 'hys': '1dB'& 'ttt': 'ms640'}@{'off': '6 dBm'& 'hys': '1dB'& 'ttt': 'ms640'},3@4@5@6@7@8@9,(10&3&4)@(11&5&4)@(12&4&4)@(1&1&1)@(2&1&2),(1&1&1)@(2&1&2),1,0,1,0,0,0,0,0,0,0,0,0,0,0,0,0,0,0,1,0,1,0,0,155,1750,1,155,1,0,0,1,1@2@3,155@155@155,3050@525@3400
2023-04-25 18:20:13.290508,5G_NR_RRC_OTA_Packet,155,UL,631000,,,,,,,,0,0,0,0,0,0,0,0,0,0,0,0,0,0,0,0,0,0,0,0,0,0,0,0,0,0,0,0,0,0,0,0,0,0,0,0,0,0,0,0,0,0,0,0,0,0,0,0,0,0,0,0,0,0,0,0,0,0,0,0,0,0,0,0,0,0,0
2023-04-25 18:20:13.290703,LTE_RRC_OTA_Packet,155,UL,1750,,,,,,,,0,0,0,0,0,0,0,0,0,0,0,0,0,0,0,0,0,0,0,0,0,0,0,0,0,0,0,0,0,0,0,0,0,0,1,0,1,0,0,0,0,0,0,0,0,0,0,0,0,0,0,0,0,0,0,0,0,0,0,0,0,0,0,0,0,0,0
2023-04-25 18:20:14.082837,LTE_RRC_OTA_Packet,155,DL,1750,,,,,,,,0,0,0,0,0,0,0,0,0,0,0,0,0,0,0,0,0,0,0,0,1,6,periodical (1),reportStrongestCells (0),{},0,0,0,0,0,0,(13&1&6),0,1,0,0,0,0,0,0,0,0,0,0,0,0,0,0,0,0,0,0,0,0,0,0,0,0,0,0,0,0,0,0,0,0,0
2023-04-25 18:20:14.083396,LTE_RRC_OTA_Packet,155,UL,1750,,,,,,,,0,0,0,0,0,0,0,0,0,0,0,0,0,0,0,0,0,0,0,0,0,0,0,0,0,0,0,0,0,0,0,0,0,0,1,0,0,0,0,0,0,0,0,0,0,0,0,0,0,0,0,0,0,0,0,0,0,0,0,0,0,0,0,0,0,0,0
2023-04-25 18:20:14.104485,LTE_RRC_OTA_Packet,155,UL,1750,,,,,,,,1,0,13,0,0,0,0,0,0,0,0,0,0,0,0,0,0,0,0,0,0,0,0,0,0,0,0,0,0,0,0,0,0,0,0,0,0,0,0,0,0,0,0,0,0,0,0,0,0,0,0,0,0,0,0,0,0,0,0,0,0,0,0,0,0,0,0
2023-04-25 18:20:14.722787,LTE_RRC_OTA_Packet,155,DL,1750,,,,,,,,0,0,0,0,0,0,0,0,0,0,0,0,0,0,0,0,0,0,0,0,0,0,0,0,0,0,0,0,0,0,0,0,0,1,0,1,0,0,0,0,0,0,0,0,0,0,0,0,0,0,0,1,0,0,0,0,0,0,0,0,0,0,0,0,0,0,0
2023-04-25 18:20:14.723250,5G_NR_RRC_OTA_Packet,155,-,631000,,,,,,,,0,0,0,0,0,0,0,0,0,0,0,0,0,0,0,0,0,0,0,0,0,0,0,0,0,0,0,0,0,0,0,0,0,0,0,1,0,0,0,0,0,0,0,0,0,0,0,0,0,0,0,0,0,0,0,0,0,0,0,0,0,0,0,0,0,0,0
2023-04-25 18:20:14.723258,5G_NR_RRC_OTA_Packet,155,-,631000,,,,,,,,0,0,0,0,0,0,0,0,0,0,0,0,0,0,0,0,0,0,0,0,0,0,0,0,0,0,0,0,0,0,0,0,0,0,0,0,0,0,0,0,0,0,0,0,0,0,0,0,0,0,0,0,0,0,0,0,0,0,0,0,0,0,0,0,0,0,0
2023-04-25 18:20:14.731430,5G_NR_RRC_OTA_Packet,155,UL,631000,,,,,,,,0,0,0,0,0,0,0,0,0,0,0,0,0,0,0,0,0,0,0,0,0,0,0,0,0,0,0,0,0,0,0,0,0,0,0,0,0,0,0,0,0,0,0,0,0,0,0,0,0,0,0,0,0,0,0,0,0,0,0,0,0,0,0,0,0,0,0
2023-04-25 18:20:14.734425,LTE_RRC_OTA_Packet,155,UL,1750,,,,,,,,0,0,0,0,0,0,0,0,0,0,0,0,0,0,0,0,0,0,0,0,0,0,0,0,0,0,0,0,0,0,0,0,0,0,1,0,1,0,0,0,0,0,0,0,0,0,0,0,0,0,0,0,0,0,0,0,0,0,0,0,0,0,0,0,0,0,0
2023-04-25 18:20:27.203010,LTE_RRC_OTA_Packet,155,DL,1750,,,,,,,,0,0,0,0,0,0,0,0,0,0,0,0,0,0,0,0,0,0,0,0,0,0,0,0,0,0,0,0,0,0,0,0,0,0,0,0,0,0,0,0,0,0,0,0,0,0,0,0,1,0,0,0,0,0,0,0,0,0,0,0,0,0,0,0,0,0,0
2023-04-25 18:20:27.287086,LTE_RRC_Serv_Cell_Info,155,,,1750,19750,54652951,11200,3,466,92
2023-04-25 18:20:33.176722,LTE_RRC_OTA_Packet,155,-,1750,,,,,,,,0,0,0,0,0,0,0,0,0,0,0,0,0,0,0,0,0,0,0,0,0,0,0,0,0,0,0,0,0,0,0,0,0,0,0,0,0,0,0,0,0,0,0,1,0,0,0,0,0,0,0,0,0,0,0,0,0,0,0,0,0,0,0,0,0,0,0
2023-04-25 18:20:33.242930,LTE_RRC_OTA_Packet,155,-,1750,,,,,,,,0,0,0,0,0,0,0,0,0,0,0,0,0,0,0,0,0,0,0,0,0,0,0,0,0,0,0,0,0,0,0,0,0,0,0,0,0,0,0,0,0,0,0,0,1,0,0,0,0,0,0,0,0,0,0,0,0,0,0,0,0,0,0,0,0,0,0
2023-04-25 18:20:33.246614,LTE_RRC_OTA_Packet,155,UL,1750,,,,,,,,0,0,0,0,0,0,0,0,0,0,0,0,0,0,0,0,0,0,0,0,0,0,0,0,0,0,0,0,0,0,0,0,0,0,0,0,0,0,0,0,0,0,0,0,0,1,0,0,0,0,0,0,0,0,0,0,0,0,0,0,0,0,0,0,0,0,0
2023-04-25 18:20:33.280006,LTE_RRC_OTA_Packet,155,DL,1750,,,,,,,,0,0,0,0,0,0,0,0,0,0,0,0,0,0,0,0,0,0,0,0,0,0,0,0,0,0,0,0,0,0,0,0,0,0,0,0,0,0,0,0,0,0,0,0,0,0,1,0,0,0,0,0,0,0,0,0,0,0,0,0,0,0,0,0,0,0,0
2023-04-25 18:20:33.281259,LTE_RRC_OTA_Packet,155,UL,1750,,,,,,,,0,0,0,0,0,0,0,0,0,0,0,0,0,0,0,0,0,0,0,0,0,0,0,0,0,0,0,0,0,0,0,0,0,0,0,0,0,0,0,0,0,0,0,0,0,0,0,1,0,0,0,0,0,0,0,0,0,0,0,0,0,0,0,0,0,0,0
2023-04-25 18:20:33.285899,LTE_RRC_OTA_Packet,155,DL,1750,,,,,,,,0,0,0,0,0,0,0,0,0,0,0,0,0,1,0,1@2@3@4@5,measObjectEUTRA (0)@measObjectNR-r15 (5)@measObjectEUTRA (0)@measObjectEUTRA (0)@measObjectEUTRA (0),1750@3050@1400@3400,631000,0,1,1@2@3@4@5,event (0)@event (0)@event (0)@event (0)@event (0),eventA3 (2)@eventA2 (1)@eventB1-NR-r15 (5)@eventA2 (1)@eventA1 (0),{'off': '2dB'& 'hys': '1dB'& 'ttt': 'ms160'}@{'thr': '-114dBm'& 'hys': '2dB'& 'ttt': 'ms1280'}@{'thr': '[-111dBm& -110dBm)'& 'hys': '0dB'& 'ttt': 'ms100'}@{'thr': '-140dBm'& 'hys': '1dB'& 'ttt': 'ms5120'}@{'thr': '-140dBm'& 'hys': '1dB'& 'ttt': 'ms40'},0,0,0,0,0,0,(1&1&1)@(2&1&2)@(3&2&3)@(4&3&4)@(5&3&5)@(6&4&4)@(7&4&5)@(8&5&4)@(9&5&5),0,1,0,0,0,0,0,0,0,0,0,0,0,0,0,0,0,0,0,0,0,0,0,0,0,0,0,0,0,0,0,1,1@2@3,155@155@155,3050@1400@3400
2023-04-25 18:20:33.302013,LTE_RRC_OTA_Packet,155,UL,1750,,,,,,,,0,0,0,0,0,0,0,0,0,0,0,0,0,0,0,0,0,0,0,0,0,0,0,0,0,0,0,0,0,0,0,0,0,0,1,0,0,0,0,0,0,0,0,0,0,0,0,0,0,0,0,0,0,0,0,0,0,0,0,0,0,0,0,0,0,0,0
2023-04-25 18:20:33.456899,LTE_RRC_OTA_Packet,155,UL,1750,,,,,,,,1,0,5,0,0,0,0,0,0,0,0,0,0,0,0,0,0,0,0,0,0,0,0,0,0,0,0,0,0,0,0,0,0,0,0,0,0,0,0,0,0,0,0,0,0,0,0,0,0,0,0,0,0,0,0,0,0,0,0,0,0,0,0,0,0,0,0
2023-04-25 18:20:33.456959,LTE_RRC_OTA_Packet,155,UL,1750,,,,,,,,1,0,7,0,0,0,0,0,0,0,0,0,0,0,0,0,0,0,0,0,0,0,0,0,0,0,0,0,0,0,0,0,0,0,0,0,0,0,0,0,0,0,0,0,0,0,0,0,0,0,0,0,0,0,0,0,0,0,0,0,0,0,0,0,0,0,0
2023-04-25 18:20:33.457000,LTE_RRC_OTA_Packet,155,UL,1750,,,,,,,,1,0,9,0,0,0,0,0,0,0,0,0,0,0,0,0,0,0,0,0,0,0,0,0,0,0,0,0,0,0,0,0,0,0,0,0,0,0,0,0,0,0,0,0,0,0,0,0,0,0,0,0,0,0,0,0,0,0,0,0,0,0,0,0,0,0,0
2023-04-25 18:20:33.482954,LTE_RRC_OTA_Packet,155,DL,1750,,,,,,,,0,0,0,0,0,0,0,0,0,0,0,0,0,0,0,0,0,0,0,0,0,0,0,0,0,0,0,0,0,0,5,0,0,1,0,0,0,0,0,0,0,0,0,0,0,0,0,0,0,0,0,0,0,0,0,0,0,0,0,0,0,0,0,0,0,0,0
2023-04-25 18:20:33.485040,LTE_RRC_OTA_Packet,155,UL,1750,,,,,,,,0,0,0,0,0,0,0,0,0,0,0,0,0,0,0,0,0,0,0,0,0,0,0,0,0,0,0,0,0,0,0,0,0,0,1,0,0,0,0,0,0,0,0,0,0,0,0,0,0,0,0,0,0,0,0,0,0,0,0,0,0,0,0,0,0,0,0
2023-04-25 18:20:33.511913,LTE_RRC_OTA_Packet,155,DL,1750,,,,,,,,0,0,0,0,0,0,0,0,0,0,0,0,0,0,0,0,0,0,0,0,0,0,0,0,0,0,0,0,0,0,7,0,0,1,0,0,0,0,0,0,0,0,0,0,0,0,0,0,0,0,0,0,0,0,0,0,0,0,0,0,0,0,0,0,0,0,0
2023-04-25 18:20:33.513868,LTE_RRC_OTA_Packet,155,UL,1750,,,,,,,,0,0,0,0,0,0,0,0,0,0,0,0,0,0,0,0,0,0,0,0,0,0,0,0,0,0,0,0,0,0,0,0,0,0,1,0,0,0,0,0,0,0,0,0,0,0,0,0,0,0,0,0,0,0,0,0,0,0,0,0,0,0,0,0,0,0,0
2023-04-25 18:20:33.537952,LTE_RRC_OTA_Packet,155,DL,1750,,,,,,,,0,0,0,0,0,0,0,0,0,0,0,0,0,0,0,0,0,0,0,0,0,0,0,0,0,0,0,0,0,0,9,0,0,1,0,0,0,0,0,0,0,0,0,0,0,0,0,0,0,0,0,0,0,0,0,0,0,0,0,0,0,0,0,0,0,0,0
2023-04-25 18:20:33.539232,LTE_RRC_OTA_Packet,155,UL,1750,,,,,,,,0,0,0,0,0,0,0,0,0,0,0,0,0,0,0,0,0,0,0,0,0,0,0,0,0,0,0,0,0,0,0,0,0,0,1,0,0,0,0,0,0,0,0,0,0,0,0,0,0,0,0,0,0,0,0,0,0,0,0,0,0,0,0,0,0,0,0
2023-04-25 18:20:33.875089,LTE_RRC_OTA_Packet,155,DL,1750,,,,,,,,0,0,0,0,0,0,0,0,0,0,0,0,0,0,0,0,0,0,0,0,1,6,periodical (1),reportStrongestCells (0),{},0,0,0,0,0,0,(10&1&6),0,1,0,0,0,0,0,0,0,0,0,0,0,0,0,0,0,0,0,0,0,0,0,0,0,0,0,0,0,0,0,0,0,0,0
2023-04-25 18:20:33.876759,LTE_RRC_OTA_Packet,155,UL,1750,,,,,,,,0,0,0,0,0,0,0,0,0,0,0,0,0,0,0,0,0,0,0,0,0,0,0,0,0,0,0,0,0,0,0,0,0,0,1,0,0,0,0,0,0,0,0,0,0,0,0,0,0,0,0,0,0,0,0,0,0,0,0,0,0,0,0,0,0,0,0
2023-04-25 18:20:33.897737,LTE_RRC_OTA_Packet,155,UL,1750,,,,,,,,1,0,10,1,375,0,0,0,0,0,0,0,0,0,0,0,0,0,0,0,0,0,0,0,0,0,0,0,0,0,0,0,0,0,0,0,0,0,0,0,0,0,0,0,0,0,0,0,0,0,0,0,0,0,0,0,0,0,0,0,0,0,0,0,0,0,0
2023-04-25 18:20:34.263753,LTE_RRC_OTA_Packet,155,UL,1750,,,,,,,,1,0,3,0,0,0,0,0,0,0,0,1,155,0,0,0,0,0,0,0,0,0,0,0,0,0,0,0,0,0,0,0,0,0,0,0,0,0,0,0,0,0,0,0,0,0,0,0,0,0,0,0,0,0,0,0,0,0,0,0,0,0,0,0,0,0,0
2023-04-25 18:20:34.341282,5G_NR_RRC_OTA_Packet,0,-,0,,,,,,,,0,0,0,0,0,0,0,0,0,0,0,0,0,0,1,1,measObjectNR (0),0,0,631000,0,0,0,0,0,1,1@2,eventTriggered (1)@eventTriggered (1),eventA2 (1)@eventA3 (2),{'thr': '[-120dBm& -119dBm)'& 'hys': '1dB'& 'ttt': 'ms640'}@{'off': '6 dBm'& 'hys': '1dB'& 'ttt': 'ms640'},0,0,(1&1&1)@(2&1&2),0,0,1,0,0,0,0,0,0,0,0,0,0,0,0,0,0,0,0,0,0,0,0,0,0,0,155,1,0,0,0,0,0,0
2023-04-25 18:20:34.341295,5G_NR_RRC_OTA_Packet,0,-,0,,,,,,,,0,0,0,0,0,0,0,0,0,0,0,0,0,0,0,0,0,0,0,0,0,0,0,0,0,0,0,0,0,0,0,0,0,0,0,0,0,0,0,0,0,0,0,0,0,0,0,0,0,0,0,0,0,0,0,0,0,0,0,0,0,0,0,0,0,0,0
2023-04-25 18:20:34.347028,LTE_RRC_OTA_Packet,155,DL,1750,,,,,,,,0,0,0,0,0,0,0,0,0,0,0,0,0,1,1,3@6@5@1@1,measObjectEUTRA (0)@measObjectEUTRA (0)@measObjectEUTRA (0)@measObjectEUTRA (0)@measObjectNR (0),3050@525@3400@1750,0,631000,1,1@2@6@4,event (0)@event (0)@periodical (1)@event (0),eventA3 (2)@eventA2 (1)@reportStrongestCells (0)@eventA2 (1),{'off': '2dB'& 'hys': '1dB'& 'ttt': 'ms160'}@{'thr': '-114dBm'& 'hys': '2dB'& 'ttt': 'ms1280'}@{}@{'thr': '-140dBm'& 'hys': '1dB'& 'ttt': 'ms5120'},1,1@2,eventTriggered (1)@eventTriggered (1),eventA2 (1)@eventA3 (2),{'thr': '[-120dBm& -119dBm)'& 'hys': '1dB'& 'ttt': 'ms640'}@{'off': '6 dBm'& 'hys': '1dB'& 'ttt': 'ms640'},3@4@6@8,(11&3&4)@(12&6&4)@(13&5&4)@(1&1&1)@(2&1&2)@(10&1&6),(1&1&1)@(2&1&2),1,0,1,0,0,0,0,0,0,0,0,0,0,0,0,0,0,0,1,0,1,0,0,155,1750,1,155,1,0,0,1,1@2@3,155@155@155,3050@525@3400
2023-04-25 18:20:34.366541,5G_NR_RRC_OTA_Packet,155,UL,631000,,,,,,,,0,0,0,0,0,0,0,0,0,0,0,0,0,0,0,0,0,0,0,0,0,0,0,0,0,0,0,0,0,0,0,0,0,0,0,0,0,0,0,0,0,0,0,0,0,0,0,0,0,0,0,0,0,0,0,0,0,0,0,0,0,0,0,0,0,0,0
2023-04-25 18:20:34.366703,LTE_RRC_OTA_Packet,155,UL,1750,,,,,,,,0,0,0,0,0,0,0,0,0,0,0,0,0,0,0,0,0,0,0,0,0,0,0,0,0,0,0,0,0,0,0,0,0,0,1,0,1,0,0,0,0,0,0,0,0,0,0,0,0,0,0,0,0,0,0,0,0,0,0,0,0,0,0,0,0,0,0
2023-04-25 18:20:34.399126,LTE_RRC_OTA_Packet,155,UL,1750,,,,,,,,1,0,10,0,0,0,0,0,0,0,0,0,0,0,0,0,0,0,0,0,0,0,0,0,0,0,0,0,0,0,0,0,0,0,0,0,0,0,0,0,0,0,0,0,0,0,0,0,0,0,0,0,0,0,0,0,0,0,0,0,0,0,0,0,0,0,0
2023-04-25 18:20:36.744180,LTE_RRC_OTA_Packet,155,DL,1750,,,,,,,,0,0,0,0,0,0,0,0,0,0,0,0,0,0,0,0,0,0,0,0,0,0,0,0,0,0,0,0,0,0,0,0,0,1,0,1,0,0,0,0,0,0,0,0,0,0,0,0,0,0,0,1,0,0,0,0,0,0,0,0,0,0,0,0,0,0,0
2023-04-25 18:20:36.745199,5G_NR_RRC_OTA_Packet,155,-,631000,,,,,,,,0,0,0,0,0,0,0,0,0,0,0,0,0,0,0,0,0,0,0,0,0,0,0,0,0,0,0,0,0,0,0,0,0,0,0,1,0,0,0,0,0,0,0,0,0,0,0,0,0,0,0,0,0,0,0,0,0,0,0,0,0,0,0,0,0,0,0
2023-04-25 18:20:36.745210,5G_NR_RRC_OTA_Packet,155,-,631000,,,,,,,,0,0,0,0,0,0,0,0,0,0,0,0,0,0,0,0,0,0,0,0,0,0,0,0,0,0,0,0,0,0,0,0,0,0,0,0,0,0,0,0,0,0,0,0,0,0,0,0,0,0,0,0,0,0,0,0,0,0,0,0,0,0,0,0,0,0,0
2023-04-25 18:20:36.765274,5G_NR_RRC_OTA_Packet,155,UL,631000,,,,,,,,0,0,0,0,0,0,0,0,0,0,0,0,0,0,0,0,0,0,0,0,0,0,0,0,0,0,0,0,0,0,0,0,0,0,0,0,0,0,0,0,0,0,0,0,0,0,0,0,0,0,0,0,0,0,0,0,0,0,0,0,0,0,0,0,0,0,0
2023-04-25 18:20:36.765350,LTE_RRC_OTA_Packet,155,UL,1750,,,,,,,,0,0,0,0,0,0,0,0,0,0,0,0,0,0,0,0,0,0,0,0,0,0,0,0,0,0,0,0,0,0,0,0,0,0,1,0,1,0,0,0,0,0,0,0,0,0,0,0,0,0,0,0,0,0,0,0,0,0,0,0,0,0,0,0,0,0,0
2023-04-25 18:20:42.503999,LTE_RRC_OTA_Packet,155,-,1750,,,,,,,,0,0,0,0,0,0,0,0,0,0,0,0,0,0,0,0,0,0,0,0,0,0,0,0,0,0,0,0,0,0,0,0,0,0,0,0,0,0,0,0,0,0,0,0,0,0,0,0,0,0,0,0,0,0,0,0,0,0,0,0,0,0,0,0,0,0,0
2023-04-25 18:20:48.903394,LTE_RRC_OTA_Packet,155,-,1750,,,,,,,,0,0,0,0,0,0,0,0,0,0,0,0,0,0,0,0,0,0,0,0,0,0,0,0,0,0,0,0,0,0,0,0,0,0,0,0,0,0,0,0,0,0,0,0,0,0,0,0,0,0,0,0,0,0,0,0,0,0,0,0,0,0,0,0,0,0,0
2023-04-25 18:20:52.743877,LTE_RRC_OTA_Packet,155,-,1750,,,,,,,,0,0,0,0,0,0,0,0,0,0,0,0,0,0,0,0,0,0,0,0,0,0,0,0,0,0,0,0,0,0,0,0,0,0,0,0,0,0,0,0,0,0,0,0,0,0,0,0,0,0,0,0,0,0,0,0,0,0,0,0,0,0,0,0,0,0,0
2023-04-25 18:21:09.063804,LTE_RRC_OTA_Packet,155,DL,1750,,,,,,,,0,0,0,0,0,0,0,0,0,0,0,0,0,0,0,0,0,0,0,0,0,0,0,0,0,0,0,0,0,0,0,0,0,0,0,0,0,0,0,0,0,0,0,0,0,0,0,0,1,0,0,0,0,0,0,0,0,0,0,0,0,0,0,0,0,0,0
2023-04-25 18:21:09.139263,LTE_RRC_Serv_Cell_Info,155,,,1750,19750,54652951,11200,3,466,92
2023-04-25 18:21:12.672644,LTE_RRC_OTA_Packet,155,-,1750,,,,,,,,0,0,0,0,0,0,0,0,0,0,0,0,0,0,0,0,0,0,0,0,0,0,0,0,0,0,0,0,0,0,0,0,0,0,0,0,0,0,0,0,0,0,0,1,0,0,0,0,0,0,0,0,0,0,0,0,0,0,0,0,0,0,0,0,0,0,0
2023-04-25 18:21:12.733992,LTE_RRC_OTA_Packet,155,-,1750,,,,,,,,0,0,0,0,0,0,0,0,0,0,0,0,0,0,0,0,0,0,0,0,0,0,0,0,0,0,0,0,0,0,0,0,0,0,0,0,0,0,0,0,0,0,0,0,1,0,0,0,0,0,0,0,0,0,0,0,0,0,0,0,0,0,0,0,0,0,0
2023-04-25 18:21:12.737705,LTE_RRC_OTA_Packet,155,UL,1750,,,,,,,,0,0,0,0,0,0,0,0,0,0,0,0,0,0,0,0,0,0,0,0,0,0,0,0,0,0,0,0,0,0,0,0,0,0,0,0,0,0,0,0,0,0,0,0,0,1,0,0,0,0,0,0,0,0,0,0,0,0,0,0,0,0,0,0,0,0,0
2023-04-25 18:21:12.762772,LTE_RRC_OTA_Packet,155,DL,1750,,,,,,,,0,0,0,0,0,0,0,0,0,0,0,0,0,0,0,0,0,0,0,0,0,0,0,0,0,0,0,0,0,0,0,0,0,0,0,0,0,0,0,0,0,0,0,0,0,0,1,0,0,0,0,0,0,0,0,0,0,0,0,0,0,0,0,0,0,0,0
2023-04-25 18:21:12.763193,LTE_RRC_OTA_Packet,155,UL,1750,,,,,,,,0,0,0,0,0,0,0,0,0,0,0,0,0,0,0,0,0,0,0,0,0,0,0,0,0,0,0,0,0,0,0,0,0,0,0,0,0,0,0,0,0,0,0,0,0,0,0,1,0,0,0,0,0,0,0,0,0,0,0,0,0,0,0,0,0,0,0
2023-04-25 18:21:12.770191,LTE_RRC_OTA_Packet,155,DL,1750,,,,,,,,0,0,0,0,0,0,0,0,0,0,0,0,0,1,0,1@2@3@4@5,measObjectEUTRA (0)@measObjectNR-r15 (5)@measObjectEUTRA (0)@measObjectEUTRA (0)@measObjectEUTRA (0),1750@3050@525@3400,631000,0,1,1@2@3@4@5,event (0)@event (0)@event (0)@event (0)@event (0),eventA3 (2)@eventA2 (1)@eventB1-NR-r15 (5)@eventA2 (1)@eventA1 (0),{'off': '2dB'& 'hys': '1dB'& 'ttt': 'ms160'}@{'thr': '-114dBm'& 'hys': '2dB'& 'ttt': 'ms1280'}@{'thr': '[-111dBm& -110dBm)'& 'hys': '0dB'& 'ttt': 'ms100'}@{'thr': '-140dBm'& 'hys': '1dB'& 'ttt': 'ms5120'}@{'thr': '-140dBm'& 'hys': '1dB'& 'ttt': 'ms40'},0,0,0,0,0,0,(1&1&1)@(2&1&2)@(3&2&3)@(4&3&4)@(5&3&5)@(6&4&4)@(7&4&5)@(8&5&4)@(9&5&5),0,1,0,0,0,0,0,0,0,0,0,0,0,0,0,0,0,0,0,0,0,0,0,0,0,0,0,0,0,0,0,1,1@2@3,155@155@155,3050@525@3400
2023-04-25 18:21:12.784470,LTE_RRC_OTA_Packet,155,UL,1750,,,,,,,,0,0,0,0,0,0,0,0,0,0,0,0,0,0,0,0,0,0,0,0,0,0,0,0,0,0,0,0,0,0,0,0,0,0,1,0,0,0,0,0,0,0,0,0,0,0,0,0,0,0,0,0,0,0,0,0,0,0,0,0,0,0,0,0,0,0,0
2023-04-25 18:21:12.855049,LTE_RRC_OTA_Packet,155,DL,1750,,,,,,,,0,0,0,0,0,0,0,0,0,0,0,0,0,0,0,0,0,0,0,0,1,6,periodical (1),reportStrongestCells (0),{},0,0,0,0,0,0,(10&1&6),0,1,0,0,0,0,0,0,0,0,0,0,0,0,0,0,0,0,0,0,0,0,0,0,0,0,0,0,0,0,0,0,0,0,0
2023-04-25 18:21:12.866504,LTE_RRC_OTA_Packet,155,UL,1750,,,,,,,,0,0,0,0,0,0,0,0,0,0,0,0,0,0,0,0,0,0,0,0,0,0,0,0,0,0,0,0,0,0,0,0,0,0,1,0,0,0,0,0,0,0,0,0,0,0,0,0,0,0,0,0,0,0,0,0,0,0,0,0,0,0,0,0,0,0,0
2023-04-25 18:21:12.877672,LTE_RRC_OTA_Packet,155,UL,1750,,,,,,,,1,0,10,1,345,0,0,0,0,0,0,0,0,0,0,0,0,0,0,0,0,0,0,0,0,0,0,0,0,0,0,0,0,0,0,0,0,0,0,0,0,0,0,0,0,0,0,0,0,0,0,0,0,0,0,0,0,0,0,0,0,0,0,0,0,0,0
2023-04-25 18:21:12.957645,LTE_RRC_OTA_Packet,155,UL,1750,,,,,,,,1,0,5,0,0,0,0,0,0,0,0,0,0,0,0,0,0,0,0,0,0,0,0,0,0,0,0,0,0,0,0,0,0,0,0,0,0,0,0,0,0,0,0,0,0,0,0,0,0,0,0,0,0,0,0,0,0,0,0,0,0,0,0,0,0,0,0
2023-04-25 18:21:12.957760,LTE_RRC_OTA_Packet,155,UL,1750,,,,,,,,1,0,3,0,0,0,0,0,0,0,0,1,155,0,0,0,0,0,0,0,0,0,0,0,0,0,0,0,0,0,0,0,0,0,0,0,0,0,0,0,0,0,0,0,0,0,0,0,0,0,0,0,0,0,0,0,0,0,0,0,0,0,0,0,0,0,0
2023-04-25 18:21:12.975088,LTE_RRC_OTA_Packet,155,DL,1750,,,,,,,,0,0,0,0,0,0,0,0,0,0,0,0,0,0,0,0,0,0,0,0,0,0,0,0,0,0,0,0,0,0,5,0,0,1,0,0,0,0,0,0,0,0,0,0,0,0,0,0,0,0,0,0,0,0,0,0,0,0,0,0,0,0,0,0,0,0,0
2023-04-25 18:21:12.976719,LTE_RRC_OTA_Packet,155,UL,1750,,,,,,,,0,0,0,0,0,0,0,0,0,0,0,0,0,0,0,0,0,0,0,0,0,0,0,0,0,0,0,0,0,0,0,0,0,0,1,0,0,0,0,0,0,0,0,0,0,0,0,0,0,0,0,0,0,0,0,0,0,0,0,0,0,0,0,0,0,0,0
2023-04-25 18:21:12.997669,LTE_RRC_OTA_Packet,155,UL,1750,,,,,,,,1,0,7,0,0,0,0,0,0,0,0,0,0,0,0,0,0,0,0,0,0,0,0,0,0,0,0,0,0,0,0,0,0,0,0,0,0,0,0,0,0,0,0,0,0,0,0,0,0,0,0,0,0,0,0,0,0,0,0,0,0,0,0,0,0,0,0
2023-04-25 18:21:12.997788,LTE_RRC_OTA_Packet,155,UL,1750,,,,,,,,1,0,9,0,0,0,0,0,0,0,0,0,0,0,0,0,0,0,0,0,0,0,0,0,0,0,0,0,0,0,0,0,0,0,0,0,0,0,0,0,0,0,0,0,0,0,0,0,0,0,0,0,0,0,0,0,0,0,0,0,0,0,0,0,0,0,0
2023-04-25 18:21:13.022106,5G_NR_RRC_OTA_Packet,0,-,0,,,,,,,,0,0,0,0,0,0,0,0,0,0,0,0,0,0,1,1,measObjectNR (0),0,0,631000,0,0,0,0,0,1,1@2,eventTriggered (1)@eventTriggered (1),eventA2 (1)@eventA3 (2),{'thr': '[-120dBm& -119dBm)'& 'hys': '1dB'& 'ttt': 'ms640'}@{'off': '6 dBm'& 'hys': '1dB'& 'ttt': 'ms640'},0,0,(1&1&1)@(2&1&2),0,0,1,0,0,0,0,0,0,0,0,0,0,0,0,0,0,0,0,0,0,0,0,0,0,0,155,1,0,0,0,0,0,0
2023-04-25 18:21:13.022123,5G_NR_RRC_OTA_Packet,0,-,0,,,,,,,,0,0,0,0,0,0,0,0,0,0,0,0,0,0,0,0,0,0,0,0,0,0,0,0,0,0,0,0,0,0,0,0,0,0,0,0,0,0,0,0,0,0,0,0,0,0,0,0,0,0,0,0,0,0,0,0,0,0,0,0,0,0,0,0,0,0,0
2023-04-25 18:21:13.029077,LTE_RRC_OTA_Packet,155,DL,1750,,,,,,,,0,0,0,0,0,0,0,0,0,0,0,0,0,1,1,3@4@5@1@1,measObjectEUTRA (0)@measObjectEUTRA (0)@measObjectEUTRA (0)@measObjectEUTRA (0)@measObjectNR (0),3050@525@3400@1750,0,631000,1,1@2@6@4,event (0)@event (0)@periodical (1)@event (0),eventA3 (2)@eventA2 (1)@reportStrongestCells (0)@eventA2 (1),{'off': '2dB'& 'hys': '1dB'& 'ttt': 'ms160'}@{'thr': '-114dBm'& 'hys': '2dB'& 'ttt': 'ms1280'}@{}@{'thr': '-140dBm'& 'hys': '1dB'& 'ttt': 'ms5120'},1,1@2,eventTriggered (1)@eventTriggered (1),eventA2 (1)@eventA3 (2),{'thr': '[-120dBm& -119dBm)'& 'hys': '1dB'& 'ttt': 'ms640'}@{'off': '6 dBm'& 'hys': '1dB'& 'ttt': 'ms640'},3@4@6@7@8@9,(11&3&4)@(12&4&4)@(13&5&4)@(1&1&1)@(2&1&2)@(10&1&6),(1&1&1)@(2&1&2),1,0,1,0,0,0,0,0,0,0,0,0,0,0,0,0,0,0,1,0,1,0,0,155,1750,1,155,1,0,0,1,1@2@3,155@155@155,3050@525@3400
2023-04-25 18:21:13.049380,5G_NR_RRC_OTA_Packet,155,UL,631000,,,,,,,,0,0,0,0,0,0,0,0,0,0,0,0,0,0,0,0,0,0,0,0,0,0,0,0,0,0,0,0,0,0,0,0,0,0,0,0,0,0,0,0,0,0,0,0,0,0,0,0,0,0,0,0,0,0,0,0,0,0,0,0,0,0,0,0,0,0,0
2023-04-25 18:21:13.049573,LTE_RRC_OTA_Packet,155,UL,1750,,,,,,,,0,0,0,0,0,0,0,0,0,0,0,0,0,0,0,0,0,0,0,0,0,0,0,0,0,0,0,0,0,0,0,0,0,0,1,0,1,0,0,0,0,0,0,0,0,0,0,0,0,0,0,0,0,0,0,0,0,0,0,0,0,0,0,0,0,0,0
2023-04-25 18:21:13.080926,LTE_RRC_OTA_Packet,155,UL,1750,,,,,,,,1,0,10,1,345,0,0,0,0,0,0,0,0,0,0,0,0,0,0,0,0,0,0,0,0,0,0,0,0,0,0,0,0,0,0,0,0,0,0,0,0,0,0,0,0,0,0,0,0,0,0,0,0,0,0,0,0,0,0,0,0,0,0,0,0,0,0
2023-04-25 18:21:13.099586,LTE_RRC_OTA_Packet,155,-,1750,,,,,,,,0,0,0,0,0,0,0,0,0,0,0,0,0,0,0,0,0,0,0,0,0,0,0,0,0,0,0,0,0,0,0,0,0,0,0,0,0,0,0,0,0,0,0,0,0,0,0,0,0,1,0,0,0,0,0,0,0,0,0,0,0,0,0,0,0,0,0
2023-04-25 18:21:13.099611,LTE_RRC_OTA_Packet,155,-,1750,,,,,,,,0,0,0,0,0,0,0,0,0,0,0,0,0,0,0,0,0,0,0,0,0,0,0,0,0,0,0,0,0,0,0,0,0,0,0,0,0,0,0,0,0,0,0,0,0,0,0,0,0,0,0,0,0,0,0,0,0,0,0,0,0,0,0,0,0,0,0
2023-04-25 18:21:13.099612,LTE_RRC_OTA_Packet,155,-,1750,,,,,,,,0,0,0,0,0,0,0,0,0,0,0,0,0,0,0,0,0,0,0,0,0,0,0,0,0,0,0,0,0,0,0,0,0,0,0,0,0,0,0,0,0,0,0,0,0,0,0,0,0,0,0,0,0,0,0,0,0,1,0,0,0,0,0,0,0,0,0
2023-04-25 18:21:13.099613,LTE_RRC_OTA_Packet,155,-,1750,,,,,,,,0,0,0,0,0,0,0,0,0,0,0,0,0,0,0,0,0,0,0,0,0,0,0,0,0,0,0,0,0,0,0,0,0,0,0,0,0,0,0,0,0,0,0,0,0,0,0,0,0,0,0,0,0,0,0,0,0,0,0,0,0,0,0,0,0,0,0
2023-04-25 18:21:13.099614,LTE_RRC_OTA_Packet,155,-,1750,,,,,,,,0,0,0,0,0,0,0,0,0,0,0,0,0,0,0,0,0,0,0,0,0,0,0,0,0,0,0,0,0,0,0,0,0,0,0,0,0,0,0,0,0,0,0,0,0,0,0,0,0,0,0,0,0,0,0,0,0,0,0,0,0,0,0,0,0,0,0
2023-04-25 18:21:13.099669,LTE_RRC_Serv_Cell_Info,155,,,1750,19750,54652951,11200,3,466,92
2023-04-25 18:21:14.220018,LTE_RRC_OTA_Packet,155,-,1750,,,,,,,,0,0,0,0,0,0,0,0,0,0,0,0,0,0,0,0,0,0,0,0,0,0,0,0,0,0,0,0,0,0,0,0,0,0,0,0,0,0,0,0,0,0,0,0,0,0,0,0,0,1,0,0,0,0,0,0,0,0,0,0,0,0,0,0,0,0,0
2023-04-25 18:21:15.973874,LTE_RRC_OTA_Packet,155,DL,1750,,,,,,,,0,0,0,0,0,0,0,0,0,0,0,0,0,0,0,0,0,0,0,0,0,0,0,0,0,0,0,0,0,0,0,0,0,1,0,1,0,0,0,0,0,0,0,0,0,0,0,0,0,0,0,1,0,0,0,0,0,0,0,0,0,0,0,0,0,0,0
2023-04-25 18:21:15.974336,5G_NR_RRC_OTA_Packet,155,-,631000,,,,,,,,0,0,0,0,0,0,0,0,0,0,0,0,0,0,0,0,0,0,0,0,0,0,0,0,0,0,0,0,0,0,0,0,0,0,0,1,0,0,0,0,0,0,0,0,0,0,0,0,0,0,0,0,0,0,0,0,0,0,0,0,0,0,0,0,0,0,0
2023-04-25 18:21:15.974346,5G_NR_RRC_OTA_Packet,155,-,631000,,,,,,,,0,0,0,0,0,0,0,0,0,0,0,0,0,0,0,0,0,0,0,0,0,0,0,0,0,0,0,0,0,0,0,0,0,0,0,0,0,0,0,0,0,0,0,0,0,0,0,0,0,0,0,0,0,0,0,0,0,0,0,0,0,0,0,0,0,0,0
2023-04-25 18:21:15.982127,5G_NR_RRC_OTA_Packet,155,UL,631000,,,,,,,,0,0,0,0,0,0,0,0,0,0,0,0,0,0,0,0,0,0,0,0,0,0,0,0,0,0,0,0,0,0,0,0,0,0,0,0,0,0,0,0,0,0,0,0,0,0,0,0,0,0,0,0,0,0,0,0,0,0,0,0,0,0,0,0,0,0,0
2023-04-25 18:21:15.985213,LTE_RRC_OTA_Packet,155,UL,1750,,,,,,,,0,0,0,0,0,0,0,0,0,0,0,0,0,0,0,0,0,0,0,0,0,0,0,0,0,0,0,0,0,0,0,0,0,0,1,0,1,0,0,0,0,0,0,0,0,0,0,0,0,0,0,0,0,0,0,0,0,0,0,0,0,0,0,0,0,0,0
2023-04-25 18:21:22.053425,LTE_RRC_OTA_Packet,155,-,1750,,,,,,,,0,0,0,0,0,0,0,0,0,0,0,0,0,0,0,0,0,0,0,0,0,0,0,0,0,0,0,0,0,0,0,0,0,0,0,0,0,0,0,0,0,0,0,0,0,0,0,0,0,0,0,0,0,0,0,0,0,0,0,0,0,0,0,0,0,0,0
2023-04-25 18:21:29.733387,LTE_RRC_OTA_Packet,155,-,1750,,,,,,,,0,0,0,0,0,0,0,0,0,0,0,0,0,0,0,0,0,0,0,0,0,0,0,0,0,0,0,0,0,0,0,0,0,0,0,0,0,0,0,0,0,0,0,0,0,0,0,0,0,0,0,0,0,0,0,0,0,0,0,0,0,0,0,0,0,0,0
2023-04-25 18:21:47.653381,LTE_RRC_OTA_Packet,155,-,1750,,,,,,,,0,0,0,0,0,0,0,0,0,0,0,0,0,0,0,0,0,0,0,0,0,0,0,0,0,0,0,0,0,0,0,0,0,0,0,0,0,0,0,0,0,0,0,0,0,0,0,0,0,0,0,0,0,0,0,0,0,0,0,0,0,0,0,0,0,0,0
2023-04-25 18:22:06.853376,LTE_RRC_OTA_Packet,155,-,1750,,,,,,,,0,0,0,0,0,0,0,0,0,0,0,0,0,0,0,0,0,0,0,0,0,0,0,0,0,0,0,0,0,0,0,0,0,0,0,0,0,0,0,0,0,0,0,0,0,0,0,0,0,0,0,0,0,0,0,0,0,0,0,0,0,0,0,0,0,0,0
2023-04-25 18:22:08.133373,LTE_RRC_OTA_Packet,155,-,1750,,,,,,,,0,0,0,0,0,0,0,0,0,0,0,0,0,0,0,0,0,0,0,0,0,0,0,0,0,0,0,0,0,0,0,0,0,0,0,0,0,0,0,0,0,0,0,0,0,0,0,0,0,0,0,0,0,0,0,0,0,0,0,0,0,0,0,0,0,0,0
2023-04-25 18:22:36.293393,LTE_RRC_OTA_Packet,155,-,1750,,,,,,,,0,0,0,0,0,0,0,0,0,0,0,0,0,0,0,0,0,0,0,0,0,0,0,0,0,0,0,0,0,0,0,0,0,0,0,0,0,0,0,0,0,0,0,0,0,0,0,0,0,0,0,0,0,0,0,0,0,0,0,0,0,0,0,0,0,0,0
2023-04-25 18:22:46.533359,LTE_RRC_OTA_Packet,155,-,1750,,,,,,,,0,0,0,0,0,0,0,0,0,0,0,0,0,0,0,0,0,0,0,0,0,0,0,0,0,0,0,0,0,0,0,0,0,0,0,0,0,0,0,0,0,0,0,0,0,0,0,0,0,0,0,0,0,0,0,0,0,0,0,0,0,0,0,0,0,0,0
2023-04-25 18:22:58.053351,LTE_RRC_OTA_Packet,155,-,1750,,,,,,,,0,0,0,0,0,0,0,0,0,0,0,0,0,0,0,0,0,0,0,0,0,0,0,0,0,0,0,0,0,0,0,0,0,0,0,0,0,0,0,0,0,0,0,0,0,0,0,0,0,0,0,0,0,0,0,0,0,0,0,0,0,0,0,0,0,0,0
2023-04-25 18:23:13.406686,LTE_RRC_OTA_Packet,155,UL,1750,,,,,,,,1,0,10,0,0,0,0,0,0,0,0,0,0,0,0,0,0,0,0,0,0,0,0,0,0,0,0,0,0,0,0,0,0,0,0,0,0,0,0,0,0,0,0,0,0,0,0,0,0,0,0,0,0,0,0,0,0,0,0,0,0,0,0,0,0,0,0
2023-04-25 18:23:31.333325,LTE_RRC_OTA_Packet,155,-,1750,,,,,,,,0,0,0,0,0,0,0,0,0,0,0,0,0,0,0,0,0,0,0,0,0,0,0,0,0,0,0,0,0,0,0,0,0,0,0,0,0,0,0,0,0,0,0,0,0,0,0,0,0,0,0,0,0,0,0,0,0,0,0,0,0,0,0,0,0,0,0
2023-04-25 18:23:35.173328,LTE_RRC_OTA_Packet,155,-,1750,,,,,,,,0,0,0,0,0,0,0,0,0,0,0,0,0,0,0,0,0,0,0,0,0,0,0,0,0,0,0,0,0,0,0,0,0,0,0,0,0,0,0,0,0,0,0,0,0,0,0,0,0,0,0,0,0,0,0,0,0,0,0,0,0,0,0,0,0,0,0
2023-04-25 18:25:13.726497,LTE_RRC_OTA_Packet,155,UL,1750,,,,,,,,1,0,10,0,0,0,0,0,0,0,0,0,0,0,0,0,0,0,0,0,0,0,0,0,0,0,0,0,0,0,0,0,0,0,0,0,0,0,0,0,0,0,0,0,0,0,0,0,0,0,0,0,0,0,0,0,0,0,0,0,0,0,0,0,0,0,0
